Selected,Customer ID,Customer Name,Customer Class,City,State,Terms,Customer Status,Restrict Visibility To,Time Zone,Tax Zone,Parent Account ID,Billing Email,Primary Email,Open Balance,Price Class,Billing Cycle,Send Appointment Email,Send Invoices by Email,Default Payment Method,Print Invoices,Last Modified By,Print Statements,Send Statements by Email,Credit Verification,Statement Cycle ID,AR Rep Name,AR Rep Email,Managed By Third Party,Account Name,Created On
False,CATW000207,Clipper Petroleum #77 - Cobb Dr,STANDARD,Smyrna,GA,NET30,Active,ATW,,GACOBSMYRN,,AP@clipperpetroleum.com,AP@clipperpetroleum.com,,,,,True,,True,kdukes,True,True,Days Past Due,EOM,,,,,3/20/2025
False,CATW000210,Clipper Petroleum #64 - Greenbriar,STANDARD,Marietta,GA,NET30,Active,ATW,,GACOBMARIE,,AP@clipperpetroleum.com,AP@clipperpetroleum.com,,,,,True,,True,kdukes,True,True,Days Past Due,EOM,,,,,3/20/2025
False,CATW000205,Clipper Petroleum #60 - Hwy 92,STANDARD,Acworth,GA,NET30,Active,ATW,,GACHEACWOR,,AP@clipperpetroleum.com,AP@clipperpetroleum.com,,,,,True,,True,kdukes,True,True,Days Past Due,EOM,,,,,3/20/2025
False,CATW000209,Clipper Petroleum #55 - Dallas,STANDARD,Dallas,GA,NET30,Active,ATW,,GAPAUDALLA,,AP@clipperpetroleum.com,AP@clipperpetroleum.com,,,,,True,,True,kdukes,True,True,Days Past Due,EOM,,,,,3/20/2025
False,CATW000208,Clipper Petroleum #49 - Cobb Pkwy,STANDARD,Smyrna,GA,NET30,Active,ATW,,GACOBSMYRN,,AP@clipperpetroleum.com,AP@clipperpetroleum.com,,,,,True,,True,kdukes,True,True,Days Past Due,EOM,,,,,3/20/2025
False,CATW000213,Clipper Petroleum #47 - Thornton,STANDARD,Lithia Springs,GA,NET30,Active,ATW,,GADOULITHI,,AP@clipperpetroleum.com,AP@clipperpetroleum.com,,,,,True,,True,kdukes,True,True,Days Past Due,EOM,,,,,3/20/2025
False,CATW000206,Clipper Petroleum #38 - Bannister,STANDARD,Cumming,GA,NET30,Active,ATW,,GAFORCUMMI,,AP@clipperpetroleum.com,AP@clipperpetroleum.com,,,,,True,,True,kdukes,True,True,Days Past Due,EOM,,,,,3/20/2025
False,CATW000182,Clay's Sports Cafe-Sandy Springs,STANDARD,Sandy Springs,GA,NET30,Active,ATW,,GAFULATL01,,bak209ali@gmail.com,bak209ali@gmail.com,,,,,True,,True,kdukes,True,True,Days Past Due,EOM,,,,,3/20/2025
False,CATW000031,Classic Atlanta - Cadillac/Subaru/Fisker,STANDARD,Atlanta,GA,NET30,Active,ATW,,GAFULATL01,,payables@classicatlanta.com,payables@classicatlanta.com,,,,,True,,True,kdukes,True,True,Days Past Due,EOM,,,,,3/20/2025
False,CATW000494,City Eats Kitchen,STANDARD,Alpharetta,GA,NET30,Active,ATW,,GAFULALPHA,,Brent@cityeatskitchen.com,Brent@cityeatskitchen.com,,,,,True,,True,kdukes,True,True,Days Past Due,EOM,,,,,3/20/2025
False,CATW000260,Circle K #2745162 - Palmetto,CORPACCT,Palmetto,GA,NET30,Active,ATW,,GAFULPALME,,NTAP_SE@circlek.com,NTAP_SE@circlek.com,,,,,True,,True,kdukes,True,True,Days Past Due,EOM,,,,,3/20/2025
False,CATW000259,Circle K #2745095 - Woodstock,CORPACCT,Woodstock,GA,NET30,Active,ATW,,GACHEWOODS,,NTAP_SE@circlek.com,NTAP_SE@circlek.com,,,,,True,,True,kdukes,True,True,Days Past Due,EOM,,,,,3/20/2025
False,CATW000421,Circle K #2723687 - Bremen,CORPACCT,Bremen,GA,NET30,Active,ATW,,GAHARBREME,,NTAP_SE@circlek.com,NTAP_SE@circlek.com,,,,,True,,True,kdukes,True,True,Days Past Due,EOM,,,,,3/20/2025
False,CATW000481,Circle K #2723683 - Tennessee St,CORPACCT,Cartersville,GA,NET30,Active,ATW,,GABARCARTE,,NTAP_SE@circlek.com,NTAP_SE@circlek.com,,,,,True,,True,kdukes,True,True,Days Past Due,EOM,,,,,3/20/2025
False,CATW000240,Circle K #2723678 - Rome,CORPACCT,Rome,GA,NET30,Active,ATW,,GAFLOROME,,NTAP_SE@circlek.com,NTAP_SE@circlek.com,,,,,True,,True,kdukes,True,True,Days Past Due,EOM,,,,,3/20/2025
False,CATW000232,Circle K #2723675 - Hwy 20 SE,CORPACCT,Cartersville,GA,NET30,Active,ATW,,GABARCARTE,,NTAP_SE@circlek.com,NTAP_SE@circlek.com,,,,,True,,True,kdukes,True,True,Days Past Due,EOM,,,,,3/20/2025
False,CATW000239,Circle K #2723659 - Turner McCall Blvd,CORPACCT,Rome,GA,NET30,Active,ATW,,GAFLOROME,,NTAP_SE@circlek.com,NTAP_SE@circlek.com,,,,,True,,True,kdukes,True,True,Days Past Due,EOM,,,,,3/20/2025
False,CATW000238,Circle K #2723655 - Garden Lakes Blvd,CORPACCT,Rome,GA,NET30,Active,ATW,,GAFLOROME,,NTAP_SE@circlek.com,NTAP_SE@circlek.com,,,,,True,,True,kdukes,True,True,Days Past Due,EOM,,,,,3/20/2025
False,CATW000231,Circle K #2723653 - E. Main St,CORPACCT,Cartersville,GA,NET30,Active,ATW,,GABARCARTE,,NTAP_SE@circlek.com,NTAP_SE@circlek.com,,,,,True,,True,kdukes,True,True,Days Past Due,EOM,,,,,3/20/2025
False,CATW000229,Circle K #2723651 - South Wall St,CORPACCT,Calhoun,GA,NET30,Active,ATW,,GAGORCALHO,,NTAP_SE@circlek.com,NTAP_SE@circlek.com,,,,,True,,True,kdukes,True,True,Days Past Due,EOM,,,,,3/20/2025
False,CATW000224,Circle K #2723650 - North Hwy 27,CORPACCT,Carrollton,GA,NET30,Active,ATW,,GACARCARRO,,NTAP_SE@circlek.com,NTAP_SE@circlek.com,,,,,True,,True,kdukes,True,True,Days Past Due,EOM,,,,,3/20/2025
False,CATW000237,Circle K #2723647 - Old Calhoun Hwy. NE,CORPACCT,Rome,GA,NET30,Active,ATW,,GAFLOROME,,NTAP_SE@circlek.com,NTAP_SE@circlek.com,,,,,True,,True,kdukes,True,True,Days Past Due,EOM,,,,,3/20/2025
False,CATW000227,Circle K #2723639 - Cartersville,CORPACCT,Cartersville,GA,NET30,Active,ATW,,GABARCARTE,,NTAP_SE@circlek.com,NTAP_SE@circlek.com,,,,,True,,True,kdukes,True,True,Days Past Due,EOM,,,,,3/20/2025
False,CATW000236,Circle K #2723564 - Cedartown Hwy. SW,CORPACCT,Rome,GA,NET30,Active,ATW,,GAFLOLINDA,,NTAP_SE@circlek.com,NTAP_SE@circlek.com,,,,,True,,True,kdukes,True,True,Days Past Due,EOM,,,,,3/20/2025
False,CATW000226,Circle K #2723554 - Joe Frank Harris Pkwy,CORPACCT,Cartersville,GA,NET30,Active,ATW,,GABARCARTE,,NTAP_SE@circlek.com,NTAP_SE@circlek.com,,,,,True,,True,kdukes,True,True,Days Past Due,EOM,,,,,3/20/2025
False,CATW000234,Circle K #2723537 - Martha Berry Hwy,CORPACCT,Rome,GA,NET30,Active,ATW,,GAFLOROME,,NTAP_SE@circlek.com,NTAP_SE@circlek.com,,,,,True,,True,kdukes,True,True,Days Past Due,EOM,,,,,3/20/2025
False,CATW000225,Circle K #2723519 - E. Hwy 53,CORPACCT,Calhoun,GA,NET30,Active,ATW,,GAGORCALHO,,NTAP_SE@circlek.com,NTAP_SE@circlek.com,,,,,True,,True,kdukes,True,True,Days Past Due,EOM,,,,,3/20/2025
False,CATW000748,Circle K #2706744 - Columbus,CORPACCT,Columbus,GA,NET30,Active,ATW,,GAMUSCOLUM,,NTAP_SE@circlek.com,NTAP_SE@circlek.com,,,,,True,,True,kdukes,True,True,Days Past Due,EOM,,,,,3/20/2025
False,CATW000233,Circle K #2704721 - Rucker Road,CORPACCT,Roswell,GA,NET30,Active,ATW,,GAFULALPHA,,NTAP_SE@circlek.com,NTAP_SE@circlek.com,,,,,True,,True,kdukes,True,True,Days Past Due,EOM,,,,,3/20/2025
False,CATW000230,Circle K #2701882 - Douglasville,CORPACCT,Douglasville,GA,NET30,Active,ATW,,GADOUDOUGL,,NTAP_SE@circlek.com,NTAP_SE@circlek.com,,,,,True,,True,kdukes,True,True,Days Past Due,EOM,,,,,3/20/2025
False,CATW000741,Circle K #05259 - Lower Roswell Rd,CORPACCT,Marietta,GA,NET30,Active,ATW,,GACOBMARIE,,NTAP_SE@circlek.com,NTAP_SE@circlek.com,,,,,True,,True,kdukes,True,True,Days Past Due,EOM,,,,,3/20/2025
False,CATW000446,CiCi's Pizza Cartersville,STANDARD,Cartersville,GA,NET30,Active,ATW,,GABARCARTE,,sturley@cicis.com,sturley@cicis.com,,,,,True,,True,kdukes,True,True,Days Past Due,EOM,,,,,3/20/2025
False,CATW000449,Chops & Lobster Bar (BLG),STANDARD,Atlanta,GA,NET30,Active,ATW,,GAFULATLAN,,hfiltcheva@buckheadrestaurants.com,hfiltcheva@buckheadrestaurants.com,,,,,True,,True,kdukes,True,True,Days Past Due,EOM,,,,,3/20/2025
False,CATW000656,Chick-fil-A - S Cobb Dr,STANDARD,Smyrna,GA,NET30,Active,ATW,,GACOBSMYRN,,admin@cfasouthcobbdrive.com,admin@cfasouthcobbdrive.com,,,,,True,,True,kdukes,True,True,Days Past Due,EOM,,,,,3/20/2025
False,CATW000600,Chick-fil-A #04828 - Cumming,STANDARD,Cumming,GA,NET30,Active,ATW,,GAFORCUMMI,,04828@chick-fil-a.com,04828@chick-fil-a.com,,,,,True,,True,kdukes,True,True,Days Past Due,EOM,,,,,3/20/2025
False,CATW000589,Chick-fil-A #03797 - Cascade Road,STANDARD,Atlanta,GA,NET30,Active,ATW,,GAFULATLAN,,03797@chick-fil-a.com,03797@chick-fil-a.com,,,,,True,,True,kdukes,True,True,Days Past Due,EOM,,,,,3/20/2025
False,CATW000027,Chick-fil-A #03700 - Avalon,STANDARD,Alpharetta,GA,NET30,Active,ATW,,GAFULALPHA,,avaloninvoices@yahoo.com,avaloninvoices@yahoo.com,,,,,True,,True,kdukes,True,True,Days Past Due,EOM,,,,,3/20/2025
False,CATW000506,Chick-fil-A #02977 - Green Deck,STANDARD,Atlanta,GA,NET30,Active,ATW,,GAFULATLAN,,02977@chick-fil-a.com,02977@chick-fil-a.com,,,,,True,,True,kdukes,True,True,Days Past Due,EOM,,,,,3/20/2025
False,CATW000305,Chick-fil-A #02191 - Smyrna,STANDARD,Smyrna,GA,NET30,Active,ATW,,GACOBSMYRN,,02191@chick-fil-a.com,02191@chick-fil-a.com,,,,,True,,True,kdukes,True,True,Days Past Due,EOM,,,,,3/20/2025
False,CATW000026,Chick-fil-A #01496 - Camp Creek,STANDARD,East Point,GA,NET30,Active,ATW,,GAFULATLAN,,01496@chick-fil-a.com,01496@chick-fil-a.com,,,,,True,,True,kdukes,True,True,Days Past Due,EOM,,,,,3/20/2025
False,CATW000030,Chick-fil-A #00802 - Johnson Ferry,STANDARD,Marietta,GA,NET30,Active,ATW,,GACOBMARIE,,00802@chick-fil-a.com,00802@chick-fil-a.com,,,,,True,,True,kdukes,True,True,Days Past Due,EOM,,,,,3/20/2025
False,CATW000470,Chick-fil-A #00703 - Piedmont Rd,STANDARD,Atlanta,GA,NET30,Active,ATW,,GAFULATLAN,,00703@chick-fil-a.com,00703@chick-fil-a.com,,,,,True,,True,kdukes,True,True,Days Past Due,EOM,,,,,3/20/2025
False,CATW000749,Chick Fil A - Newnan,STANDARD,Newnan,GA,NET30,Active,ATW,,GACOWNEWNA,,70045@chick-fil-a.com,70045@chick-fil-a.com,,,,,True,,True,kdukes,True,True,Days Past Due,EOM,,,,,3/20/2025
False,CATW000440,Chevron - West Paces,STANDARD,Atlanta,GA,COD,Active,ATW,,GAFULATLAN,,consolidatedbill@enviro-master.com,consolidatedbill@enviro-master.com,,,,,True,,True,kdukes,True,True,Days Past Due,EOM,,,,,3/20/2025
False,CATW000555,Cheba Hut Toasted Subs,STANDARD,Atlanta,GA,NET30,Active,ATW,,GAFULATLAN,,justin.beatty@chebahut.com,justin.beatty@chebahut.com,,,,,True,,True,kdukes,True,True,Days Past Due,EOM,,,,,3/20/2025
False,CATW000647,Chastain Park Athletic Club,STANDARD,Atlanta,GA,NET30,Active,ATW,,GAFULATLAN,,jimkingusa@gmail.com,jimkingusa@gmail.com,,,,,True,,True,kdukes,True,True,Days Past Due,EOM,,,,,3/20/2025
False,CATW000492,Ceviche Taqueria - Roswell,STANDARD,Roswell,GA,NET30,Active,ATW,,GAFULROSWE,,emma@cevichetaqueria.com,emma@cevichetaqueria.com,,,,,True,,True,kdukes,True,True,Days Past Due,EOM,,,,,3/20/2025
False,CATW000501,Ceviche Taqueria - Alpharetta,STANDARD,Alpharetta,GA,NET30,Active,ATW,,GAFULALPHA,,alpha@cevichetaqueria.com,alpha@cevichetaqueria.com,,,,,True,,True,kdukes,True,True,Days Past Due,EOM,,,,,3/20/2025
False,CATW000523,Caterpillar International Academy,STANDARD,Sandy Springs,GA,NET30,Active,ATW,,GAFULATL01,,info@caterpillarintlacademy.com,info@caterpillarintlacademy.com,,,,,True,,True,kdukes,True,True,Days Past Due,EOM,,,,,3/20/2025
False,CATW000194,Casa Grande,STANDARD,Austell,GA,NET30,Active,ATW,,GACOBAUSTE,,pa22calle@yahoo.com,pa22calle@yahoo.com,,,,,True,,True,kdukes,True,True,Days Past Due,EOM,,,,,3/20/2025
False,CATW000223,Carrabba's #6116 - Douglasville,STANDARD,Douglasville,GA,NET30,Active,ATW,,GADOUDOUGL,,CA6116@carrabbas.com,CA6116@carrabbas.com,,,,,True,,True,kdukes,True,True,Days Past Due,EOM,,,,,3/20/2025
False,CATW000383,Carrabba's #1102 - Kennesaw,STANDARD,Kennesaw,GA,NET30,Active,ATW,,GACOBKENNE,,CA1102@carrabbas.com,CA1102@carrabbas.com,,,,,True,,True,kdukes,True,True,Days Past Due,EOM,,,,,3/20/2025
False,CATW000623,Carolina Lumber & Supply Company,STANDARD,Atlanta,GA,NET30,Active,ATW,,GAFULATLAN,,apfax@carolinalumber.com,apfax@carolinalumber.com,,,,,True,,True,kdukes,True,True,Days Past Due,EOM,,,,,3/20/2025
False,CATW000022,Capital Cadillac,STANDARD,Smyrna,GA,NET30,Active,ATW,,GACOBSMYRN,,AP@capitalcadillac.com,AP@capitalcadillac.com,,,,,True,,True,kdukes,True,True,Days Past Due,EOM,,,,,3/20/2025
False,CATW000330,Canoe Atlanta,STANDARD,Atlanta,GA,NET30,Active,ATW,,GACOBATLAN,,vincent@canoeatl.com,vincent@canoeatl.com,,,,,True,,True,kdukes,True,True,Days Past Due,EOM,,,,,3/20/2025
False,CATW000262,Camps Kitchen & Bar,STANDARD,Marietta,GA,NET30,Active,ATW,,GACOBMARIE,,kimgreen.moocoo@gmail.com,kimgreen.moocoo@gmail.com,,,,,True,,True,kdukes,True,True,Days Past Due,EOM,,,,,3/20/2025
False,CATW000020,C&S Seafood - Vinings,STANDARD,Atlanta,GA,NET30,Active,ATW,,GACOBATLAN,,csaccounting@gmail.com,csaccounting@gmail.com,,,,,True,,True,kdukes,True,True,Days Past Due,EOM,,,,,3/20/2025
False,CATW000458,C&S Seafood - Sandy Springs,STANDARD,Atlanta,GA,NET30,Active,ATW,,GAFULATL01,,cheftonycands@gmail.com,cheftonycands@gmail.com,,,,,True,,True,kdukes,True,True,Days Past Due,EOM,,,,,3/20/2025
False,CATW000746,C&S Seafood & Oyster Bar,STANDARD,Atlanta,GA,NET30,Active,ATW,,GACOBATLAN,,chefphilcands@gmail.com,chefphilcands@gmail.com,,,,,True,,True,kdukes,True,True,Days Past Due,EOM,,,,,3/20/2025
False,CATW000019,Butler Tire - Store 405,STANDARD,Marietta,GA,NET30,Active,ATW,,GACOBMARIE,,AP@butlertire.com,AP@butlertire.com,,,,,True,,True,kdukes,True,True,Days Past Due,EOM,,,,,3/20/2025
False,CATW000018,Bunzl R3,STANDARD,Lithia Springs,GA,NET30,Active,ATW,,GADOULITHI,,BD-Invoices@dataserv-stl.com,BD-Invoices@dataserv-stl.com,,,,,True,,True,kdukes,True,True,Days Past Due,EOM,,,,,3/20/2025
False,CATW000277,Bunzl Processor Division,STANDARD,Lithia Springs,GA,NET30,Active,ATW,,GADOULITHI,,BD-Invoices@dataserv-stl.com,BD-Invoices@dataserv-stl.com,,,,,True,,True,kdukes,True,True,Days Past Due,EOM,,,,,3/20/2025
False,CATW000730,Bullgogi Korean & Poke,STANDARD,Marietta,GA,NET30,Active,ATW,,GACOBMARIE,,yes2020inc@gmail.com,yes2020inc@gmail.com,,,,,True,,True,kdukes,True,True,Days Past Due,EOM,,,,,3/20/2025
False,CATW000655,Build A Bear - Kennesaw,CORPACCT,Kennesaw,GA,NET30,Active,ATW,,GACOBKENNE,,dispatch@kfm247.com,dispatch@kfm247.com,,,,,True,,True,kdukes,True,True,Days Past Due,EOM,,,,,3/20/2025
False,CATW000654,Build A Bear - Douglasville,CORPACCT,Douglasville,GA,NET30,Active,ATW,,GADOUDOUGL,,dispatch@kfm247.com,dispatch@kfm247.com,,,,,True,,True,kdukes,True,True,Days Past Due,EOM,,,,,3/20/2025
False,CATW000017,Buffalo's SW Cafe-Cartersville,STANDARD,Cartersville,GA,NET30,Active,ATW,,GABARCARTE,,cticorp.Buffalos@gmail.com,cticorp.Buffalos@gmail.com,,,,,True,,True,kdukes,True,True,Days Past Due,EOM,,,,,3/20/2025
False,CATW000729,Buffalo's Cafe - Cartersville,STANDARD,Cartersville,GA,NET30,Active,ATW,,GABARCARTE,,cticbc@gmail.com,cticbc@gmail.com,,,,,True,,True,kdukes,True,True,Days Past Due,EOM,,,,,3/20/2025
False,CATW000016,Buffalo's Cafe - Acworth,STANDARD,Kennesaw,GA,COD,Active,ATW,,GACOBKENNE,,acworth@buffaloscafe.com,acworth@buffaloscafe.com,,,,,True,,True,kdukes,True,True,Days Past Due,EOM,,,,,3/20/2025
False,CATW000527,Brookwood Grill - Roswell,STANDARD,Roswell,GA,NET30,Active,ATW,,GAFULROSWE,,mfairley@brookwoodgrill.com,mfairley@brookwoodgrill.com,,,,,True,,True,kdukes,True,True,Days Past Due,EOM,,,,,3/20/2025
False,CATW000014,Brazilian Bakery & Cafe,STANDARD,Marietta,GA,COD,Active,ATW,,GACOBMARIE,,consolidatedbill@enviro-master.com,consolidatedbill@enviro-master.com,,,,,True,,True,kdukes,True,True,Days Past Due,EOM,,,,,3/20/2025
False,CATW000013,Brake Pad,STANDARD,College Park,GA,COD,Active,ATW,,GAFULATL02,,gricker65@gmail.com,gricker65@gmail.com,,,,,True,,True,kdukes,True,True,Days Past Due,EOM,,,,,3/20/2025
False,CATW000214,Braddock Metallurgical - LaGrange Blvd.,STANDARD,Atlanta,GA,NET30,Active,ATW,,GAFULATL01,,accountspayable@braddockmt.com,accountspayable@braddockmt.com,,,,,True,,True,kdukes,True,True,Days Past Due,EOM,,,,,3/20/2025
False,CATW000011,BP - Towne Lake,STANDARD,Woodstock,GA,COD,Active,ATW,,GACHEWOODS,,rbslns@comcast.net,rbslns@comcast.net,,,,,True,,True,kdukes,True,True,Days Past Due,EOM,,,,,3/20/2025
False,CATW000631,BP - Austell,STANDARD,Austell,GA,COD,Active,ATW,,GACOBAUSTE,,maxhambp@gmail.com,maxhambp@gmail.com,,,,,True,,True,kdukes,True,True,Days Past Due,EOM,,,,,3/20/2025
False,CATW000573,Bowlero 810 - KN,CORPACCT,Kennesaw,GA,NET30,Active,ATW,,GACOBKENNE,,JaBarr@LSEnt.com,JaBarr@LSEnt.com,,,,,True,,True,kdukes,True,True,Days Past Due,EOM,,,,,3/20/2025
False,CATW000728,Bowlero - Atlantic Station,CORPACCT,Atlanta,GA,NET30,Active,ATW,,GAFULATLAN,,JaBarr@LSEnt.com,JaBarr@LSEnt.com,,,,,True,,True,kdukes,True,True,Days Past Due,EOM,,,,,3/20/2025
False,CATW000010,Bond James Bond Inc,STANDARD,Cartersville,GA,NET30,Active,ATW,,GABARCARTE,,marissa.g@bondjamesbondinc.com,marissa.g@bondjamesbondinc.com,,,,,True,,True,kdukes,True,True,Days Past Due,EOM,,,,,3/20/2025
False,CATW000460,Blue Ghost Arcade,STANDARD,Woodstock,GA,NET30,Active,ATW,,GACHEWOODS,,theblueghostarcade@gmail.com,theblueghostarcade@gmail.com,,,,,True,,True,kdukes,True,True,Days Past Due,EOM,,,,,3/20/2025
False,CATW000448,Bistro Niko (BLG),STANDARD,Atlanta,GA,NET30,Active,ATW,,GAFULATLAN,,hfiltcheva@buckheadrestaurants.com,hfiltcheva@buckheadrestaurants.com,,,,,True,,True,kdukes,True,True,Days Past Due,EOM,,,,,3/20/2025
False,CATW000009,Bernhard's Bread Bakery,STANDARD,Marietta,GA,NET30,Active,ATW,,GACOBMARIE,,contact@bernhardsgermanbakery.com,contact@bernhardsgermanbakery.com,,,,,True,,True,kdukes,True,True,Days Past Due,EOM,,,,,3/20/2025
False,CATW000164,Bekaert Rome - Service,STANDARD,Rome,GA,NET60,Active,ATW,,GAFLOROME,,USAKR-AP@bekaert.com,USAKR-AP@bekaert.com,,,,,True,,True,kdukes,True,True,Days Past Due,EOM,,,,,3/20/2025
False,CATW000219,Bekaert Rome - Products,STANDARD,Rome,GA,NET60,Active,ATW,,GAFLOROME,,USAP@bekaert.com,USAP@bekaert.com,,,,,True,,True,kdukes,True,True,Days Past Due,EOM,,,,,3/20/2025
False,CATW000374,Bekaert Marietta - Bldg 700,STANDARD,Marietta,GA,NET60,Active,ATW,,GAFLOROME,,USAP@bekaert.com; Chandlor.Vance@bekaert.com,USAP@bekaert.com; Chandlor.Vance@bekaert.com,,,,,True,,True,kdukes,True,True,Days Past Due,EOM,,,,,3/20/2025
False,CATW000354,Bekaert Marietta - Bldg 500,STANDARD,Marietta,GA,NET60,Active,ATW,,GACOBMARIE,,USAP@bekaert.com,USAP@bekaert.com,,,,,True,,True,kdukes,True,True,Days Past Due,EOM,,,,,3/20/2025
False,CATW000413,Bawarchi Biryanis Indian Cuisine,STANDARD,Sandy Springs,GA,NET30,Active,ATW,,GAFULATL01,,bawarchibiryaniatl@gmail.com,bawarchibiryaniatl@gmail.com,,,,,True,,True,kdukes,True,True,Days Past Due,EOM,,,,,3/20/2025
False,CATW000365,Battle & Brew,STANDARD,Sandy Springs,GA,NET30,Active,ATW,,GAFULATL01,,soel@battleandbrew.com,soel@battleandbrew.com,,,,,True,,True,kdukes,True,True,Days Past Due,EOM,,,,,3/20/2025
False,CATW000008,Bar-B-Cutie,STANDARD,Acworth,GA,NET30,Active,ATW,,GACOBACWOR,,ed@bar-b-cutie.com,ed@bar-b-cutie.com,,,,,True,,True,kdukes,True,True,Days Past Due,EOM,,,,,3/20/2025
False,CATW000652,Bankhead Seafood,STANDARD,Atlanta,GA,NET30,Active,ATW,,GAFULATLAN,,mikeupscale@gmail.com,mikeupscale@gmail.com,,,,,True,,True,kdukes,True,True,Days Past Due,EOM,,,,,3/20/2025
False,CATW000541,Bad Daddy's Burger Bar - Smyrna,STANDARD,Smyrna,GA,NET30,Active,ATW,,GACOBSMYRN,,ap@gtrestaurants.com,ap@gtrestaurants.com,,,,,True,,True,kdukes,True,True,Days Past Due,EOM,,,,,3/20/2025
False,CATW000588,Bad Daddy's - Roswell,STANDARD,Roswell,GA,NET30,Active,ATW,,GAFULROSWE,,ap@gtrestaurants.com,ap@gtrestaurants.com,,,,,True,,True,kdukes,True,True,Days Past Due,EOM,,,,,3/20/2025
False,CATW000198,Avril's Eco-Friendly Car Wash,STANDARD,Atlanta,GA,NET30,Active,ATW,,GAFULATLAN,,stanjof49@gmail.com,stanjof49@gmail.com,,,,,True,,True,kdukes,True,True,Days Past Due,EOM,,,,,3/20/2025
False,CATW000657,Atlantic Grill,STANDARD,Atlanta,GA,NET30,Active,ATW,,GAFULATLAN,,info@atlantic-grill.com,info@atlantic-grill.com,,,,,True,,True,kdukes,True,True,Days Past Due,EOM,,,,,3/20/2025
False,CATW000447,Atlanta Fish Market (BLG),STANDARD,Atlanta,GA,NET30,Active,ATW,,GAFULATLAN,,hfiltcheva@buckheadrestaurants.com,hfiltcheva@buckheadrestaurants.com,,,,,True,,True,kdukes,True,True,Days Past Due,EOM,,,,,3/20/2025
False,CATW000454,Atlanta Bread Company - Woodstock,STANDARD,Woodstock,GA,NET30,Active,ATW,,GACHEWOODS,,josh@woosindustries.com,josh@woosindustries.com,,,,,True,,True,kdukes,True,True,Days Past Due,EOM,,,,,3/20/2025
False,CATW000489,Anchor Bar,STANDARD,Kennesaw,GA,NET30,Active,ATW,,GACOBKENNE,,anchorbarkenesaw@gmail.com,anchorbarkenesaw@gmail.com,,,,,True,,True,kdukes,True,True,Days Past Due,EOM,,,,,3/20/2025
False,CATW000006,All South Renovations,STANDARD,Marietta,GA,NET30,Active,ATW,,GACOBMARIE,,rcollins@allsouthrenovations.com,rcollins@allsouthrenovations.com,,,,,True,,True,kdukes,True,True,Days Past Due,EOM,,,,,3/20/2025
False,CATW000005,Alessio's Restaurant & Pizzaria,STANDARD,Roswell,GA,NET30,Active,ATW,,GAFULROSWE,,roswell.alessios@gmail.com,roswell.alessios@gmail.com,,,,,True,,True,kdukes,True,True,Days Past Due,EOM,,,,,3/20/2025
False,CATW000311,Accenture Song (Creative Drive - Atlanta),CORPACCT,Atlanta,GA,NET30,Active,ATW,,GACOBATLAN,,CAM.US.einv@accenture.com,CAM.US.einv@accenture.com,,,,,True,,True,kdukes,True,True,Days Past Due,EOM,,,,,3/20/2025
False,CATW000187,7 Tequilas - Cumming,STANDARD,Cumming,GA,NET30,Active,ATW,,GAFORCUMMI,,gmarino91@hotmail.com,gmarino91@hotmail.com,,,,,True,,True,kdukes,True,True,Days Past Due,EOM,,,,,3/20/2025
False,CATW000411,1911 Biscuits & Burgers,STANDARD,Smyrna,GA,NET30,Active,ATW,,GACOBSMYRN,,tk@1911biscuits.com,tk@1911biscuits.com,,,,,True,,True,kdukes,True,True,Days Past Due,EOM,,,,,3/20/2025
False,CATW000643,1201 Restaurant,STANDARD,Atlanta,GA,NET30,Active,ATW,,GAFULATLAN,,mikeupscale@gmail.com,mikeupscale@gmail.com,,,,,True,,True,kdukes,True,True,Days Past Due,EOM,,,,,3/20/2025
False,CATW000598,Steak N Shake #604 - Kennesaw,STANDARD,Kennesaw,GA,NET30,Active,ATW,,GACOBKENNE,,invoices@steaknshake.com,invoices@steaknshake.com,,,,,True,,True,kdukes,True,True,Days Past Due,EOM,,,,,3/20/2025
False,CATW000310,Sprong,STANDARD,Atlanta,GA,NET30,Active,ATW,,GAFULATLAN,,esther@sprongwear.com,esther@sprongwear.com,,,,,True,,True,kdukes,True,True,Days Past Due,EOM,,,,,3/20/2025
False,CATW000127,Sparkles Family Fun Center,STANDARD,Smyrna,GA,COD,Active,ATW,,GACOBSMYRN,,jc7360@bellsouth.net,jc7360@bellsouth.net,,,,,True,,True,kdukes,True,True,Days Past Due,EOM,,,,,3/20/2025
False,CATW000281,Southeastern Freight Lines,STANDARD,Austell,GA,NET30,Active,ATW,,GACOBAUSTE,,catherine.marvin@sefl.com,catherine.marvin@sefl.com,,,,,True,,True,kdukes,True,True,Days Past Due,EOM,,,,,3/20/2025
False,CATW000751,Site One Landscape Supply - Marietta,STANDARD,Marietta,GA,NET30,Active,ATW,,GACOBMARIE,,mperrino@siteone.com,mperrino@siteone.com,,,,,True,,True,kdukes,True,True,Days Past Due,EOM,,,,,3/20/2025
False,CATW000126,Sidelines Grille Hwy. 92,STANDARD,Woodstock,GA,NET30,Active,ATW,,GACHEWOODS,,003@sidelinesgrille.com,003@sidelinesgrille.com,,,,,True,,True,kdukes,True,True,Days Past Due,EOM,,,,,3/20/2025
False,CATW000125,Sidelines Grille Hickory Flat Village,STANDARD,Canton,GA,NET30,Active,ATW,,GACHECANTO,,002@sidelinesgrille.com,002@sidelinesgrille.com,,,,,True,,True,kdukes,True,True,Days Past Due,EOM,,,,,3/20/2025
False,CATW000124,Sidelines Grille Canton,STANDARD,Canton,GA,NET30,Active,ATW,,GACHECANTO,,001@sidelinesgrille.com,001@sidelinesgrille.com,,,,,True,,True,kdukes,True,True,Days Past Due,EOM,,,,,3/20/2025
False,CATW000512,Sidelines Grille - Cartersville,STANDARD,Cartersville,GA,NET30,Active,ATW,,GABARCARTE,,004@sidelinesgrille.com,004@sidelinesgrille.com,,,,,True,,True,kdukes,True,True,Days Past Due,EOM,,,,,3/20/2025
False,CATW000123,Sidelines Grill Old Hwy. 5 Wdstk,STANDARD,Woodstock,GA,NET30,Active,ATW,,GACHEWOODS,,steve@sidelinesgrille.com,steve@sidelinesgrille.com,,,,,True,,True,kdukes,True,True,Days Past Due,EOM,,,,,3/20/2025
False,CATW000521,Sid's Pizza,STANDARD,Alpharetta,GA,NET30,Active,ATW,,GAFULALPHA,,kurnett@mindspring.com,kurnett@mindspring.com,,,,,True,,True,kdukes,True,True,Days Past Due,EOM,,,,,3/20/2025
False,CATW000121,Shottenkirk Honda,STANDARD,Cartersville,GA,NET30,Active,ATW,,GABARCARTE,,rlewis@shottenkirk.com,rlewis@shottenkirk.com,,,,,True,,True,kdukes,True,True,Days Past Due,EOM,,,,,3/20/2025
False,CATW000732,Sherwin Williams #702267 -LaGrange,CORPACCT,LaGrange,GA,NET45,Active,ATW,,GATROLAG01,,sw2267@sherwin.com,sw2267@sherwin.com,,,,,True,,True,kdukes,True,True,Days Past Due,EOM,,,,,3/20/2025
False,CATW000605,Sherwin Williams #702108 - Calhoun,CORPACCT,Calhoun,GA,NET45,Active,ATW,,GAGORCALHO,,sw2108@sherwin.com,sw2108@sherwin.com,,,,,True,,True,kdukes,True,True,Days Past Due,EOM,,,,,3/20/2025
False,CATW000571,Shell Sandy Springs _ AJJC Inc.,STANDARD,Sandy Springs,GA,COD,Active,ATW,,GAFULATL01,,consolidatedbill@enviro-master.com,consolidatedbill@enviro-master.com,,,,,True,,True,kdukes,True,True,Days Past Due,EOM,,,,,3/20/2025
False,CATW000251,Shell Food Mart - Shallowford,STANDARD,Marietta,GA,NET30,Active,ATW,,GACOBMARIE,,faiyaz0621@hotmail.com,faiyaz0621@hotmail.com,,,,,True,,True,kdukes,True,True,Days Past Due,EOM,,,,,3/20/2025
False,CATW000638,Shell - Canton,STANDARD,Canton,GA,COD,Active,ATW,,GACHECANTO,,3550mariettahwy@gmail.com,3550mariettahwy@gmail.com,,,,,True,,True,kdukes,True,True,Days Past Due,EOM,,,,,3/20/2025
False,CATW000215,Senqcia Maxco Ltd Kennestone Circle,STANDARD,Marietta,GA,NET30,Active,ATW,,GACOBMARIE,,AP@maxcochain.com,AP@maxcochain.com,,,,,True,,True,kdukes,True,True,Days Past Due,EOM,,,,,3/20/2025
False,CATW000496,Sawnee View Gardens,STANDARD,Cumming,GA,NET30,Active,ATW,,GAFORCUMMI,,scott.bennett@sawneeview.com,scott.bennett@sawneeview.com,,,,,True,,True,kdukes,True,True,Days Past Due,EOM,,,,,3/20/2025
False,CATW000178,Savi Provisions at Pharr,STANDARD,Atlanta,GA,COD,Active,ATW,,GAFULATLAN,,consolidatedbill@enviro-master.com,consolidatedbill@enviro-master.com,,,,,True,,True,kdukes,True,True,Days Past Due,EOM,,,,,3/20/2025
False,CATW000522,Savi Provision - West Midtown,STANDARD,Atlanta,GA,COD,Active,ATW,,GAFULATLAN,,savistarmetal@gmail.com,savistarmetal@gmail.com,,,,,True,,True,kdukes,True,True,Days Past Due,EOM,,,,,3/20/2025
False,CATW000602,Sammy's Pizzeria On The Green,STANDARD,Alpharetta,GA,NET30,Active,ATW,,GAFULALPHA,,adriana@sammys-pizzeria.com,adriana@sammys-pizzeria.com,,,,,True,,True,kdukes,True,True,Days Past Due,EOM,,,,,3/20/2025
False,CATW000258,Roger's BBQ - LaGrange,STANDARD,LaGrange,GA,COD,Active,ATW,,GATROLAG01,,rmesser@gmail.com,rmesser@gmail.com,,,,,True,,True,kdukes,True,True,Days Past Due,EOM,,,,,3/20/2025
False,CATW000544,Rock Steady - Atlanta,STANDARD,Atlanta,GA,NET30,Active,ATW,,GAFULATLAN,,jacob@rocksteadyatl.com,jacob@rocksteadyatl.com,,,,,True,,True,kdukes,True,True,Days Past Due,EOM,,,,,3/20/2025
False,CATW000532,Revolving Sushi Factory,STANDARD,Kennesaw,GA,NET30,Active,ATW,,GACOBKENNE,,vpanlee1@hotmail.com,vpanlee1@hotmail.com,,,,,True,,True,kdukes,True,True,Days Past Due,EOM,,,,,3/20/2025
False,CATW000726,Reel Seafood - Woodstock,STANDARD,Woodstock,GA,NET30,Active,ATW,,GACHEWOODS,,davidsilverman06@comcast.net,davidsilverman06@comcast.net,,,,,True,,True,kdukes,True,True,Days Past Due,EOM,,,,,3/20/2025
False,CATW000586,RaceTrac-2491-Old Canton,CORPACCT,Marietta,GA,NET30,Active,ATW,,GACOBMARIE,,aredd@racetrac.com,aredd@racetrac.com,,,,,True,,True,kdukes,True,True,Days Past Due,EOM,,,,,3/20/2025
False,CATW000585,RaceTrac-2482-Armuchee,CORPACCT,Rome,GA,NET30,Active,ATW,,GAFLOROME,,aredd@racetrac.com,aredd@racetrac.com,,,,,True,,True,kdukes,True,True,Days Past Due,EOM,,,,,3/20/2025
False,CATW000584,RaceTrac-0660-Austell Rd,CORPACCT,Austell,GA,NET30,Active,ATW,,GACOBAUSTE,,aredd@racetrac.com,aredd@racetrac.com,,,,,True,,True,kdukes,True,True,Days Past Due,EOM,,,,,3/20/2025
False,CATW000590,RaceTrac-0652-Cartersville,CORPACCT,Cartersville,GA,NET30,Active,ATW,,GABARCARTE,,aredd@racetrac.com,aredd@racetrac.com,,,,,True,,True,kdukes,True,True,Days Past Due,EOM,,,,,3/20/2025
False,CATW000581,RaceTrac-0636-Thornton Rd,CORPACCT,Douglasville,GA,NET30,Active,ATW,,GADOULITHI,,aredd@racetrac.com,aredd@racetrac.com,,,,,True,,True,kdukes,True,True,Days Past Due,EOM,,,,,3/20/2025
False,CATW000583,RaceTrac-0500-LaGrange,CORPACCT,LaGrange,GA,NET30,Active,ATW,,GATROLAG01,,aredd@racetrac.com,aredd@racetrac.com,,,,,True,,True,kdukes,True,True,Days Past Due,EOM,,,,,3/20/2025
False,CATW000582,RaceTrac-0495-Villa Rica,CORPACCT,Villa Rica,GA,NET30,Active,ATW,,GACARVILLA,,aredd@racetrac.com,aredd@racetrac.com,,,,,True,,True,kdukes,True,True,Days Past Due,EOM,,,,,3/20/2025
False,CATW000113,Pure Taqueria - Roswell,STANDARD,Roswell,GA,NET30,Active,ATW,,GAFULROSWE,,amy.paul@puretaqueria.com,amy.paul@puretaqueria.com,,,,,True,,True,kdukes,True,True,Days Past Due,EOM,,,,,3/20/2025
False,CATW000475,Pricci (BLG),STANDARD,Atlanta,GA,NET30,Active,ATW,,GAFULATLAN,,hfiltcheva@buckheadrestaurants.com,hfiltcheva@buckheadrestaurants.com,,,,,True,,True,kdukes,True,True,Days Past Due,EOM,,,,,3/20/2025
False,CATW000731,Pilot Travel Center #634,CORPACCT,Temple,GA,NET45,Active,ATW,,GACARTEMPL,,CONSTContractInvoices@pilottravelcenter.com,CONSTContractInvoices@pilottravelcenter.com,,,,,True,,True,kdukes,True,True,Days Past Due,EOM,,,,,3/20/2025
False,CATW000467,Piccadilly - Cobb Pkwy,STANDARD,Marietta,GA,NET30,Active,ATW,,GACOBMARIE,,AP@piccadilly.com,AP@piccadilly.com,,,,,True,,True,kdukes,True,True,Days Past Due,EOM,,,,,3/20/2025
False,CATW000112,Pasquale's Pizza - Rome,STANDARD,Rome,GA,NET30,Active,ATW,,GAFLOROME,,pasqualesguy@yahoo.com,pasqualesguy@yahoo.com,,,,,True,,True,kdukes,True,True,Days Past Due,EOM,,,,,3/20/2025
False,CATW000110,Padriacs - Atlanta,STANDARD,Atlanta,GA,NET30,Active,ATW,,GACOBATLAN,,e4gemini@gmail.com,e4gemini@gmail.com,,,,,True,,True,kdukes,True,True,Days Past Due,EOM,,,,,3/20/2025
False,CATW000549,Otters Chicken - West Cobb,STANDARD,Marietta,GA,NET30,Active,ATW,,GACOBMARIE,,wpeterson@otterschicken.com,wpeterson@otterschicken.com,,,,,True,,True,kdukes,True,True,Days Past Due,EOM,,,,,3/20/2025
False,CATW000738,Original Steak & Rib House,STANDARD,Cartersville,GA,COD,Active,ATW,,GABARCARTE,,sean@steakandrib.net,sean@steakandrib.net,,,,,True,,True,kdukes,True,True,Days Past Due,EOM,,,,,3/20/2025
False,CATW000106,Orange Theory Fitness #0833 - Smyrna,STANDARD,Smyrna,GA,NET30,Active,ATW,,GACOBSMYRN,,accounting@honorsholdingsllc.com,accounting@honorsholdingsllc.com,,,,,True,,True,kdukes,True,True,Days Past Due,EOM,,,,,3/20/2025
False,CATW000108,Orange Theory Fitness #0083 - S. Springs,STANDARD,Sandy Springs,GA,NET30,Active,ATW,,GAFULATL01,,accounting@honorsholdingsllc.com,accounting@honorsholdingsllc.com,,,,,True,,True,kdukes,True,True,Days Past Due,EOM,,,,,3/20/2025
False,CATW000103,On The Border #68 - Alpharetta,STANDARD,Alpharetta,GA,NET30,Active,ATW,,GAFULALPHA,,o00068@ontheborder.com,o00068@ontheborder.com,,,,,True,,True,kdukes,True,True,Days Past Due,EOM,,,,,3/20/2025
False,CATW000104,On The Border #57 - Buckhead,STANDARD,Atlanta,GA,NET30,Active,ATW,,GAFULATLAN,,o00057@ontheborder.com,o00057@ontheborder.com,,,,,True,,True,kdukes,True,True,Days Past Due,EOM,,,,,3/20/2025
False,CATW000510,O-Ku Sushi- Howell Mill,STANDARD,Atlanta,GA,NET30,Active,ATW,,GAFULATLAN,,fjiap@theindigoroad.com,fjiap@theindigoroad.com,,,,,True,,True,kdukes,True,True,Days Past Due,EOM,,,,,3/20/2025
False,CATW000091,Nick's Walkup BBQ,CORPACCT,Acworth,GA,NET30,Active,ATW,,GACOBACWOR,,adminacworth5003@jimnnicks.com,adminacworth5003@jimnnicks.com,,,,,True,,True,kdukes,True,True,Days Past Due,EOM,,,,,3/20/2025
False,CATW000513,Newnan Country Club,STANDARD,Newnan,GA,NET30,Active,ATW,,GACOWNEWNA,,cmoller@newnancc.org,cmoller@newnancc.org,,,,,True,,True,kdukes,True,True,Days Past Due,EOM,,,,,3/20/2025
False,CATW000511,Newk's Eatery - Smyrna,STANDARD,Smyrna,GA,NET30,Active,ATW,,GACOBSMYRN,,newkssmyrna@gmail.com,newkssmyrna@gmail.com,,,,,True,,True,kdukes,True,True,Days Past Due,EOM,,,,,3/20/2025
False,CATW000507,Newk's Eatery - Canton,STANDARD,Canton,GA,NET30,Active,ATW,,GACHECANTO,,newkscanton@gmail.com,newkscanton@gmail.com,,,,,True,,True,kdukes,True,True,Days Past Due,EOM,,,,,3/20/2025
False,CATW000604,Nest Cafe - Milton,STANDARD,Milton,GA,NET30,Active,ATW,,GAFULALPHA,,info@thenestcafe.net,info@thenestcafe.net,,,,,True,,True,kdukes,True,True,Days Past Due,EOM,,,,,3/20/2025
False,CATW000603,Nest Cafe - Alpharetta,STANDARD,Alpharetta,GA,NET30,Active,ATW,,GAFULALPHA,,info@thenestcafe.net,info@thenestcafe.net,,,,,True,,True,kdukes,True,True,Days Past Due,EOM,,,,,3/20/2025
False,CATW000650,Morrison Products,STANDARD,Canton,GA,NET30,Active,ATW,,GACHECANTO,,bkendrick@morrisonproducts.com,bkendrick@morrisonproducts.com,,,,,True,,True,kdukes,True,True,Days Past Due,EOM,,,,,3/20/2025
False,CATW000221,Mojave Latin American Restaurant,STANDARD,Sandy Springs,GA,NET30,Active,ATW,,GACOBATLAN,,rainer@mojaverestaurant.com,rainer@mojaverestaurant.com,,,,,True,,True,kdukes,True,True,Days Past Due,EOM,,,,,3/20/2025
False,CATW000563,Miller's Ale House - Alpharetta,STANDARD,Alpharetta,GA,NET30,Active,ATW,,GAFULALPHA,,alpharetta@millersalehouse.com,alpharetta@millersalehouse.com,,,,,True,,True,kdukes,True,True,Days Past Due,EOM,,,,,3/20/2025
False,CATW000635,Mexico Lindo - Smyrna,STANDARD,Smyrna,GA,NET30,Active,ATW,,GACOBSMYRN,,mexicolindo001@gmail.com,mexicolindo001@gmail.com,,,,,True,,True,kdukes,True,True,Days Past Due,EOM,,,,,3/20/2025
False,CATW000166,Mellow Mushroom Buckhead,STANDARD,Atlanta,GA,NET30,Active,ATW,,GAFULATLAN,,amber@mellowmushroom.net,amber@mellowmushroom.net,,,,,True,,True,kdukes,True,True,Days Past Due,EOM,,,,,3/20/2025
False,CATW000607,Mellow Mushroom - Windy Hill,STANDARD,Marietta,GA,NET30,Active,ATW,,GACOBMARIE,,ramona@panosrestaurantgroup.com,ramona@panosrestaurantgroup.com,,,,,True,,True,kdukes,True,True,Days Past Due,EOM,,,,,3/20/2025
False,CATW000629,Meehan's - Downtown,STANDARD,Atlanta,GA,NET30,Active,ATW,,GAFULATLAN,,chrissegal@earthlink.net,chrissegal@earthlink.net,,,,,True,,True,kdukes,True,True,Days Past Due,EOM,,,,,3/20/2025
False,CATW000082,McCray's West Village Tavern,STANDARD,Smyrna,GA,NET30,Active,ATW,,GACOBSMYRN,,mccraystavernsmyrna@meinvoices.com,mccraystavernsmyrna@meinvoices.com,,,,,True,,True,kdukes,True,True,Days Past Due,EOM,,,,,3/20/2025
False,CATW000364,McCray's Tavern - Marietta,STANDARD,Marietta,GA,NET30,Active,ATW,,GACOBMARIE,,mccraystaverneastcobb@meinvoices.com,mccraystaverneastcobb@meinvoices.com,,,,,True,,True,kdukes,True,True,Days Past Due,EOM,,,,,3/20/2025
False,CATW000081,"Mayfield Dairy Farms, Inc.",STANDARD,Marietta,GA,NET30,Active,ATW,,GACOBMARIE,,gary.weston@dfamilk.com,gary.weston@dfamilk.com,,,,,True,,True,kdukes,True,True,Days Past Due,EOM,,,,,3/20/2025
False,CATW000634,Marlow's - Woodstock,STANDARD,Woodstock,GA,COD,Active,ATW,,GACHEWOODS,,marlows14@metzcorp.com,marlows14@metzcorp.com,,,,,True,,True,kdukes,True,True,Days Past Due,EOM,,,,,3/20/2025
False,CATW000437,Marietta Pizza Company Due West,STANDARD,Marietta,GA,NET30,Active,ATW,,GACOBMARIE,,hwolfson@mariettapizza.com,hwolfson@mariettapizza.com,,,,,True,,True,kdukes,True,True,Days Past Due,EOM,,,,,3/20/2025
False,CATW000436,Marietta Pizza Co. Marietta Square,STANDARD,Marietta,GA,NET30,Active,ATW,,GACOBMARIE,,hwolfson@mariettapizza.com,hwolfson@mariettapizza.com,,,,,True,,True,kdukes,True,True,Days Past Due,EOM,,,,,3/20/2025
False,CATW000626,Marathon Gas - Lakeland Plaza,STANDARD,Cumming,GA,COD,Active,ATW,,GAFORCUMMI,,zahirpadania99@gmail.com,zahirpadania99@gmail.com,,,,,True,,True,kdukes,True,True,Days Past Due,EOM,,,,,3/20/2025
False,CATW000151,Marathon - Canton,STANDARD,Canton,GA,COD,Active,ATW,,GACHECANTO,,consolidatedbill@enviro-master.com,consolidatedbill@enviro-master.com,,,,,True,,True,kdukes,True,True,Days Past Due,EOM,,,,,3/20/2025
False,CATW000264,Mainline Foods,STANDARD,Marietta,GA,NET30,Active,ATW,,GACOBMARIE,,corpap@goldbergsgroup.com,corpap@goldbergsgroup.com,,,,,True,,True,kdukes,True,True,Days Past Due,EOM,,,,,3/20/2025
False,CATW000553,Maggianos Little Italy - Cumberland,STANDARD,Atlanta,GA,NET30,Active,ATW,,GACOBATLAN,,mg0200gm@maggianos.com,mg0200gm@maggianos.com,,,,,True,,True,kdukes,True,True,Days Past Due,EOM,,,,,3/20/2025
False,CATW000734,Lviv Croissants,STANDARD,Roswell,GA,NET30,Active,ATW,,GAFULROSWE,,store.atl@lvivcroissants.com,store.atl@lvivcroissants.com,,,,,True,,True,kdukes,True,True,Days Past Due,EOM,,,,,3/20/2025
False,CATW000672,Lummus Supply #6 - Acworth,STANDARD,Acworth,GA,NET30,Active,ATW,,GACHEACWOR,,rayers@lummussupply.com,rayers@lummussupply.com,,,,,True,,True,kdukes,True,True,Days Past Due,EOM,,,,,3/20/2025
False,CATW000075,Lummus Supply #4 - Roswell,STANDARD,Roswell,GA,NET30,Active,ATW,,GAFULROSWE,,ap@lummussupply.com,ap@lummussupply.com,,,,,True,,True,kdukes,True,True,Days Past Due,EOM,,,,,3/20/2025
False,CATW000076,Lummus Supply #1 - Bolton Rd.,STANDARD,Atlanta,GA,NET30,Active,ATW,,GAFULATLAN,,ap@lummussupply.com,ap@lummussupply.com,,,,,True,,True,kdukes,True,True,Days Past Due,EOM,,,,,3/20/2025
False,CATW000074,Lucky's Burger & Brew Roswell,STANDARD,Roswell,GA,COD,Active,ATW,,GAFULROSWE,,leschertc@gmail.com,leschertc@gmail.com,,,,,True,,True,kdukes,True,True,Days Past Due,EOM,,,,,3/20/2025
False,CATW000254,Louisiana Bistreaux - East Point,STANDARD,East Point,GA,NET30,Active,ATW,,GAFULATLAN,,gulshan.delawalla@gmail.com,gulshan.delawalla@gmail.com,,,,,True,,True,kdukes,True,True,Days Past Due,EOM,,,,,3/20/2025
False,CATW000073,Los Bravos Mexican Restaurant #10,STANDARD,Woodstock,GA,NET30,Active,ATW,,GACHEWOODS,,LOSBRAVOSMEXREST@GMAIL.COM,LOSBRAVOSMEXREST@GMAIL.COM,,,,,True,,True,kdukes,True,True,Days Past Due,EOM,,,,,3/20/2025
False,CATW000465,Kyma (BLG),STANDARD,Atlanta,GA,NET30,Active,ATW,,GAFULATLAN,,hfiltcheva@buckheadrestaurants.com,hfiltcheva@buckheadrestaurants.com,,,,,True,,True,kdukes,True,True,Days Past Due,EOM,,,,,3/20/2025
False,CATW000072,Kuroshio Sushi Bar & Grille - S. Cobb,STANDARD,Smyrna,GA,COD,Active,ATW,,GACOBSMYRN,,khoa@kuroshiosushi.com,khoa@kuroshiosushi.com,,,,,True,,True,kdukes,True,True,Days Past Due,EOM,,,,,3/20/2025
False,CATW000606,Krispy Kreme - Smyrna,STANDARD,Smyrna,GA,NET30,Active,ATW,,GACOBSMYRN,,kk162@krispykreme.com,kk162@krispykreme.com,,,,,True,,True,kdukes,True,True,Days Past Due,EOM,,,,,3/20/2025
False,CATW000071,"Kor-Chem, Inc",STANDARD,Atlanta,GA,NET30,Active,ATW,,GAFULATL01,,accounting@kor-chem.com,accounting@kor-chem.com,,,,,True,,True,kdukes,True,True,Days Past Due,EOM,,,,,3/20/2025
False,CATW000070,Kor-Chem GAD,STANDARD,Atlanta,GA,NET30,Active,ATW,,GAFULATL01,,accounting@kor-chem.com,accounting@kor-chem.com,,,,,True,,True,kdukes,True,True,Days Past Due,EOM,,,,,3/20/2025
False,CATW000724,Kliggy's Karts,STANDARD,Kennesaw,GA,NET30,Active,ATW,,GACOBKENNE,,david@kliggyskarts.com,david@kliggyskarts.com,,,,,True,,True,kdukes,True,True,Days Past Due,EOM,,,,,3/20/2025
False,CATW000473,Kilwin's - Woodstock,STANDARD,Woodstock,GA,NET30,Active,ATW,,GACHEWOODS,,woodstock@kilwins.com,woodstock@kilwins.com,,,,,True,,True,kdukes,True,True,Days Past Due,EOM,,,,,3/20/2025
False,CATW000624,Keegan's Public House - Kennesaw,STANDARD,Kennesaw,GA,NET30,Active,ATW,,GACOBKENNE,,keeganskennesaw@gmail.com,keeganskennesaw@gmail.com,,,,,True,,True,kdukes,True,True,Days Past Due,EOM,,,,,3/20/2025
False,CATW000518,Keegan's Irish Pub Woodstock,STANDARD,Woodstock,GA,COD,Active,ATW,,GACHEWOODS,,fordmb@bellsouth.net,fordmb@bellsouth.net,,,,,True,,True,kdukes,True,True,Days Past Due,EOM,,,,,3/20/2025
False,CATW000601,Karate Atlanta #3921 - Sandy Springs,STANDARD,Sandy Springs,GA,NET30,Active,ATW,,GAFULATL01,,sandysprings@kalegacy.com,sandysprings@kalegacy.com,,,,,True,,True,kdukes,True,True,Days Past Due,EOM,,,,,3/20/2025
False,CATW000069,Johnny's Pizza Lower Roswell Rd.,STANDARD,Marietta,GA,NET30,Active,ATW,,GACOBMARIE,,stevenhansell037@gmail.com,stevenhansell037@gmail.com,,,,,True,,True,kdukes,True,True,Days Past Due,EOM,,,,,3/20/2025
False,CATW000517,Johnny's NY Style Pizza West Cobb,STANDARD,Marietta,GA,COD,Active,ATW,,GACOBMARIE,,fordmb@bellsouth.net,fordmb@bellsouth.net,,,,,True,,True,kdukes,True,True,Days Past Due,EOM,,,,,3/20/2025
False,CATW000622,Johnny's New York Pizza - Acworth,STANDARD,Acworth,GA,NET30,Active,ATW,,GACOBACWOR,,staciepizzanumber1@gmail.com,staciepizzanumber1@gmail.com,,,,,True,,True,kdukes,True,True,Days Past Due,EOM,,,,,3/20/2025
False,CATW000577,Jim N Nicks #4049 - Rome,CORPACCT,Rome,GA,NET30,Active,ATW,,GAFLOROME,,ap@JimnNicks.com,ap@JimnNicks.com,,,,,True,,True,kdukes,True,True,Days Past Due,EOM,,,,,3/20/2025
False,CATW000545,Jim N Nicks #4047 - Windward,CORPACCT,Milton,GA,NET30,Active,ATW,,GAFULALPHA,,ap@JimnNicks.com,ap@JimnNicks.com,,,,,True,,True,kdukes,True,True,Days Past Due,EOM,,,,,3/20/2025
False,CATW000261,Jim N Nicks #4042 - Sandy Plains,CORPACCT,Marietta,GA,NET30,Active,ATW,,GACOBMARIE,,ap@JimnNicks.com,ap@JimnNicks.com,,,,,True,,True,kdukes,True,True,Days Past Due,EOM,,,,,3/20/2025
False,CATW000068,Jim N Nicks #4014 - Smyrna,CORPACCT,Smyrna,GA,NET30,Active,ATW,,GACOBSMYRN,,ap@JimnNicks.com,ap@JimnNicks.com,,,,,True,,True,kdukes,True,True,Days Past Due,EOM,,,,,3/20/2025
False,CATW000067,Jim N Nicks #4010 - Hiram,CORPACCT,Hiram,GA,NET30,Active,ATW,,GAPAUHIRAM,,adminhiram4010@jimnnicks.com,adminhiram4010@jimnnicks.com,,,,,True,,True,kdukes,True,True,Days Past Due,EOM,,,,,3/20/2025
False,CATW000744,Jim N Nick's #4061 W Cobb,CORPACCT,Marietta,GA,NET30,Active,ATW,,GACOBMARIE,,adminwestcobb4061@jimnnicks.com,adminwestcobb4061@jimnnicks.com,,,,,True,,True,kdukes,True,True,Days Past Due,EOM,,,,,3/20/2025
False,CATW000456,IPPS Pastaria - Woodstock,STANDARD,Woodstock,GA,NET30,Active,ATW,,GACHEWOODS,,lisaatippolitos@yahoo.com,lisaatippolitos@yahoo.com,,,,,True,,True,kdukes,True,True,Days Past Due,EOM,,,,,3/20/2025
False,CATW000735,IHOP - Smyrna,STANDARD,Smyrna,GA,NET30,Active,ATW,,GACOBSMYRN,,ashun.hawthorne@tujorg.com,ashun.hawthorne@tujorg.com,,,,,True,,True,kdukes,True,True,Days Past Due,EOM,,,,,3/20/2025
False,CATW000543,IHOP - Kennesaw,STANDARD,Kennesaw,GA,NET30,Active,ATW,,GACOBKENNE,,drmga@live.com,drmga@live.com,,,,,True,,True,kdukes,True,True,Days Past Due,EOM,,,,,3/20/2025
False,CATW000546,IHOP #488 - Woodstock Hwy 92,STANDARD,Woodstock,GA,NET30,Active,ATW,,GACHEWOODS,,ihop488@tujorg.com,ihop488@tujorg.com,,,,,True,,True,kdukes,True,True,Days Past Due,EOM,,,,,3/20/2025
False,CATW000632,Hyde Brewing,STANDARD,Milton,GA,NET30,Active,ATW,,GAFULALPHA,,beer@hydebrew.com,beer@hydebrew.com,,,,,True,,True,kdukes,True,True,Days Past Due,EOM,,,,,3/20/2025
False,CATW000060,Hugo's Oyster Bar,STANDARD,Roswell,GA,NET30,Active,ATW,,GAFULROSWE,,Reena.hugos@gmail.com,Reena.hugos@gmail.com,,,,,True,,True,kdukes,True,True,Days Past Due,EOM,,,,,3/20/2025
False,CATW000725,Huddle House - Cumming,STANDARD,Cumming,GA,NET30,Active,ATW,,GAFORCUMMI,,jamesinaday2024@gmail.com,jamesinaday2024@gmail.com,,,,,True,,True,kdukes,True,True,Days Past Due,EOM,,,,,3/20/2025
False,CATW000248,Howell's Kitchen & Bar,STANDARD,Atlanta,GA,NET30,Active,ATW,,GAFULATLAN,,seanzornig.moocoo@gmail.com,seanzornig.moocoo@gmail.com,,,,,True,,True,kdukes,True,True,Days Past Due,EOM,,,,,3/20/2025
False,CATW000745,Hooters - Douglasville,STANDARD,Douglasville,GA,NET30,Active,ATW,,GADOUDOUGL,,douglasville@hooters.com,douglasville@hooters.com,,,,,True,,True,kdukes,True,True,Days Past Due,EOM,,,,,3/20/2025
False,CATW000058,Hooters #1109 - Downtown,STANDARD,Atlanta,GA,NET30,Active,ATW,,GAFULATLAN,,downtownatlanta@hooters.com,downtownatlanta@hooters.com,,,,,True,,True,kdukes,True,True,Days Past Due,EOM,,,,,3/20/2025
False,CATW000747,Highway Products & Services,STANDARD,East Point,GA,NET30,Active,ATW,,GAFULATLAN,,asimmons@highway-ps.com,asimmons@highway-ps.com,,,,,True,,True,kdukes,True,True,Days Past Due,EOM,,,,,3/20/2025
False,CATW000057,Highlands Grille,STANDARD,Kennesaw,GA,COD,Active,ATW,,GACOBKENNE,,dwiebeld.highlands@gmail.com,dwiebeld.highlands@gmail.com,,,,,True,,True,kdukes,True,True,Days Past Due,EOM,,,,,3/20/2025
False,CATW000336,Hearth Pizza Tavern,STANDARD,Sandy Springs,GA,NET30,Active,ATW,,GAFULATL01,,kimgriffin.moocoo@gmail.com,kimgriffin.moocoo@gmail.com,,,,,True,,True,kdukes,True,True,Days Past Due,EOM,,,,,3/20/2025
False,CATW000309,Harry's Pizza & Subs,STANDARD,Atlanta,GA,NET30,Active,ATW,,GACOBATLAN,,roxman1234@aol.com,roxman1234@aol.com,,,,,True,,True,kdukes,True,True,Days Past Due,EOM,,,,,3/20/2025
False,CATW000649,Gyu-Kaku Japanese BBQ,STANDARD,Atlanta,GA,NET30,Active,ATW,,GAFULATLAN,,glenn.phillipsjr@franchisees.gyu-kaku.com,glenn.phillipsjr@franchisees.gyu-kaku.com,,,,,True,,True,kdukes,True,True,Days Past Due,EOM,,,,,3/20/2025
False,CATW000386,Gyro Aegean Grill,STANDARD,Woodstock,GA,NET30,Active,ATW,,GACHEWOODS,,biraj.dhakal@gmail.com,biraj.dhakal@gmail.com,,,,,True,,True,kdukes,True,True,Days Past Due,EOM,,,,,3/20/2025
False,CATW000648,Guston's Grille & Tap,STANDARD,Acworth,GA,NET30,Active,ATW,,GACOBACWOR,,gustonsgrilleandtap@gmail.com,gustonsgrilleandtap@gmail.com,,,,,True,,True,kdukes,True,True,Days Past Due,EOM,,,,,3/20/2025
False,CATW000269,Gusto! - West Midtown,STANDARD,Atlanta,GA,NET30,Active,ATW,,GAFULATLAN,,accounting@whatsyourgusto.com,accounting@whatsyourgusto.com,,,,,True,,True,kdukes,True,True,Days Past Due,EOM,,,,,3/20/2025
False,CATW000246,Gusto! - Peachtree,STANDARD,Atlanta,GA,NET30,Active,ATW,,GAFULATLAN,,accounting@whatsyourgusto.com,accounting@whatsyourgusto.com,,,,,True,,True,kdukes,True,True,Days Past Due,EOM,,,,,3/20/2025
False,CATW000739,Grits & Eggs - Windy Hill,STANDARD,Marietta,GA,NET30,Active,ATW,,GACOBMARIE,,fyffe.chris1@gmail.com,fyffe.chris1@gmail.com,,,,,True,,True,kdukes,True,True,Days Past Due,EOM,,,,,3/20/2025
False,CATW000740,Grits & Eggs - Piedmont,STANDARD,Atlanta,GA,NET30,Active,ATW,,GAFULATLAN,,rrn314210@gmail.com,rrn314210@gmail.com,,,,,True,,True,kdukes,True,True,Days Past Due,EOM,,,,,3/20/2025
False,CATW000452,Grits & Eggs - Cumberland,STANDARD,Atlanta,GA,NET30,Active,ATW,,GACOBATLAN,,seantinsley@ymail.com,seantinsley@ymail.com,,,,,True,,True,kdukes,True,True,Days Past Due,EOM,,,,,3/20/2025
False,CATW000519,Green Coyote,STANDARD,Marietta,GA,NET30,Active,ATW,,GACOBMARIE,,bthomas.moocoo@gmail.com,bthomas.moocoo@gmail.com,,,,,True,,True,kdukes,True,True,Days Past Due,EOM,,,,,3/20/2025
False,CATW000427,Grand Slam Pizza,STANDARD,Woodstock,GA,NET30,Active,ATW,,GACHEWOODS,,mmkstevenson@att.net,mmkstevenson@att.net,,,,,True,,True,kdukes,True,True,Days Past Due,EOM,,,,,3/20/2025
False,CATW000723,GoodFellas Pizza Bar & Grill,STANDARD,Marietta,GA,NET30,Active,ATW,,GACOBMARIE,,GoodFellaspizzabarandgrill@gmail.com,GoodFellaspizzabarandgrill@gmail.com,,,,,True,,True,kdukes,True,True,Days Past Due,EOM,,,,,3/20/2025
False,CATW000750,Good Fellas Pizza - Downtown,STANDARD,Atlanta,GA,COD,Active,ATW,,GAFULATLAN,,goodpizzaatlanta@gmail.com,goodpizzaatlanta@gmail.com,,,,,True,,True,kdukes,True,True,Days Past Due,EOM,,,,,3/20/2025
False,CATW000055,"Goldbergs West Paces, Inc.",STANDARD,Atlanta,GA,NET30,Active,ATW,,GAFULATLAN,,corpap@goldbergsgroup.com,corpap@goldbergsgroup.com,,,,,True,,True,kdukes,True,True,Days Past Due,EOM,,,,,3/20/2025
False,CATW000054,"Goldbergs Roswell Road, Inc.",STANDARD,Atlanta,GA,NET30,Active,ATW,,GAFULATLAN,,corpap@goldbergsgroup.com,corpap@goldbergsgroup.com,,,,,True,,True,kdukes,True,True,Days Past Due,EOM,,,,,3/20/2025
False,CATW000053,Goldbergs Consulting Group- JF,STANDARD,Marietta,GA,NET30,Active,ATW,,GACOBMARIE,,corpap@goldbergsgroup.com,corpap@goldbergsgroup.com,,,,,True,,True,kdukes,True,True,Days Past Due,EOM,,,,,3/20/2025
False,CATW000052,"Goldbergs Commissary, LLC.",STANDARD,Marietta,GA,NET30,Active,ATW,,GACOBMARIE,,corpap@goldbergsgroup.com,corpap@goldbergsgroup.com,,,,,True,,True,kdukes,True,True,Days Past Due,EOM,,,,,3/20/2025
False,CATW000165,Goldberg's @ The Battery,STANDARD,Atlanta,GA,NET30,Active,ATW,,GACOBATLAN,,corpap@goldbergsgroup.com,corpap@goldbergsgroup.com,,,,,True,,True,kdukes,True,True,Days Past Due,EOM,,,,,3/20/2025
False,CATW000484,Giving Tree Yoga - Smyrna,STANDARD,Smyrna,GA,NET30,Active,ATW,,GACOBSMYRN,,karinayoga60@gmail.com,karinayoga60@gmail.com,,,,,True,,True,kdukes,True,True,Days Past Due,EOM,,,,,3/20/2025
False,CATW000493,Gerber Collision - Rome,STANDARD,Rome,GA,NET30,Active,ATW,,GAFLOROME,,david.cole@gerbercollision.com,david.cole@gerbercollision.com,,,,,True,,True,kdukes,True,True,Days Past Due,EOM,,,,,3/20/2025
False,CATW000491,Gerber Collision - Cartersville,STANDARD,Cartersville,GA,NET30,Active,ATW,,GABARCARTE,,APinvoice@boydgroup.com,APinvoice@boydgroup.com,,,,,True,,True,kdukes,True,True,Days Past Due,EOM,,,,,3/20/2025
False,CATW000526,Gerber Collision & Glass - Dallas,STANDARD,Dallas,GA,NET30,Active,ATW,,GAPAUDALLA,,dallasga@gerbercollision.com,dallasga@gerbercollision.com,,,,,True,,True,kdukes,True,True,Days Past Due,EOM,,,,,3/20/2025
False,CATW000245,Freewheeling Powersports,STANDARD,Douglasville,GA,NET30,Active,ATW,,GADOUDOUGL,,johnfeckoury0@gmail.com,johnfeckoury0@gmail.com,,,,,True,,True,kdukes,True,True,Days Past Due,EOM,,,,,3/20/2025
False,CATW000048,Freedom King Mission Church,STANDARD,Villa Rica,GA,NET30,Active,ATW,,GACARVILLA,,freedomchurch1@bellsouth.net,freedomchurch1@bellsouth.net,,,,,True,,True,kdukes,True,True,Days Past Due,EOM,,,,,3/20/2025
False,CATW000498,Food Terminal - West Midtown,STANDARD,Atlanta,GA,NET30,Active,ATW,,GAFULATLAN,,jo@foodterminal.com,jo@foodterminal.com,,,,,True,,True,kdukes,True,True,Days Past Due,EOM,,,,,3/20/2025
False,CATW000565,Firestone Auto Care #599492- Douglasville,STANDARD,Douglasville,GA,NET30,Active,ATW,,GADOUDOUGL,,bsroapinvoices@bfusa.com,bsroapinvoices@bfusa.com,,,,,True,,True,kdukes,True,True,Days Past Due,EOM,,,,,3/20/2025
False,CATW000567,Firestone Auto Care #317131 - Hiram,STANDARD,Hiram,GA,NET30,Active,ATW,,GAPAUHIRAM,,bsroapinvoices@bfusa.com,bsroapinvoices@bfusa.com,,,,,True,,True,kdukes,True,True,Days Past Due,EOM,,,,,3/20/2025
False,CATW000469,Firestone Auto Care #282013 - Alpharetta,STANDARD,Alpharetta,GA,NET30,Active,ATW,,GAFULALPHA,,282013@bfrg.com,282013@bfrg.com,,,,,True,,True,kdukes,True,True,Days Past Due,EOM,,,,,3/20/2025
False,CATW000478,Firestone Auto Care #28185 - Union City,STANDARD,Union City,GA,NET30,Active,ATW,,GAFULUNION,,bsroapinvoices@bfusa.com,bsroapinvoices@bfusa.com,,,,,True,,True,kdukes,True,True,Days Past Due,EOM,,,,,3/20/2025
False,CATW000566,Firestone Auto Care #018333 -  Greenbrier,STANDARD,Atlanta,GA,NET30,Active,ATW,,GAFULATLAN,,bsroapinvoices@bfusa.com,bsroapinvoices@bfusa.com,,,,,True,,True,kdukes,True,True,Days Past Due,EOM,,,,,3/20/2025
False,CATW000249,Firebirds Woods Fired Grill - Alpharetta,STANDARD,Alpharetta,GA,NET30,Active,ATW,,GAFULALPHA,,FirebirdsAP@fbgrill.com,FirebirdsAP@fbgrill.com,,,,,True,,True,kdukes,True,True,Days Past Due,EOM,,,,,3/20/2025
False,CATW000651,Fado Irish Pub,STANDARD,Atlanta,GA,NET30,Active,ATW,,GAFULATLAN,,asawicki@fadoirishpub.com,asawicki@fadoirishpub.com,,,,,True,,True,kdukes,True,True,Days Past Due,EOM,,,,,3/20/2025
False,CATW000290,Enterprise #03Z2 - KSU,CORPACCT,Kennesaw,GA,NET30,Active,ATW,,GACOBKENNE,,Keri.L.Pendley@em.com,Keri.L.Pendley@em.com,,,,,True,,True,kdukes,True,True,Days Past Due,EOM,,,,,3/20/2025
False,CATW000490,Enterprise #03Y6 - Hiram,CORPACCT,Hiram,GA,NET30,Active,ATW,,GAPAUHIRAM,,Keri.L.Pendley@em.com,Keri.L.Pendley@em.com,,,,,True,,True,kdukes,True,True,Days Past Due,EOM,,,,,3/20/2025
False,CATW000343,Enterprise #03Y5 - Bells Ferry Wdstk,CORPACCT,Woodstock,GA,NET30,Active,ATW,,GACHEWOODS,,Keri.L.Pendley@em.com,Keri.L.Pendley@em.com,,,,,True,,True,kdukes,True,True,Days Past Due,EOM,,,,,3/20/2025
False,CATW000301,Enterprise #03Y4 - W. Marietta,CORPACCT,Marietta,GA,NET30,Active,ATW,,GACOBMARIE,,Keri.L.Pendley@em.com,Keri.L.Pendley@em.com,,,,,True,,True,kdukes,True,True,Days Past Due,EOM,,,,,3/20/2025
False,CATW000592,Enterprise #03Y2 - Marietta,CORPACCT,Marietta,GA,NET30,Active,ATW,,GACOBMARIE,,Keri.L.Pendley@em.com,Keri.L.Pendley@em.com,,,,,True,,True,kdukes,True,True,Days Past Due,EOM,,,,,3/20/2025
False,CATW000401,Enterprise #03X8 - Ted Turner,CORPACCT,Atlanta,GA,NET30,Active,ATW,,GAFULATLAN,,Keri.L.Pendley@em.com,Keri.L.Pendley@em.com,,,,,True,,True,kdukes,True,True,Days Past Due,EOM,,,,,3/20/2025
False,CATW000286,Enterprise #03X7 - College Park,CORPACCT,College Park,GA,NET30,Active,ATW,,GAFULATL02,,Keri.L.Pendley@em.com,Keri.L.Pendley@em.com,,,,,True,,True,kdukes,True,True,Days Past Due,EOM,,,,,3/20/2025
False,CATW000318,Enterprise #03X5 - Buckhead,CORPACCT,Atlanta,GA,NET30,Active,ATW,,GAFULATLAN,,Keri.L.Pendley@em.com,Keri.L.Pendley@em.com,,,,,True,,True,kdukes,True,True,Days Past Due,EOM,,,,,3/20/2025
False,CATW000399,Enterprise #03V2 - Lower Roswell,CORPACCT,Marietta,GA,NET30,Active,ATW,,GACARVILLA,,Keri.L.Pendley@em.com,Keri.L.Pendley@em.com,,,,,True,,True,kdukes,True,True,Days Past Due,EOM,,,,,3/20/2025
False,CATW000352,Enterprise #03U9 - Canton,CORPACCT,Canton,GA,NET30,Active,ATW,,GACHECANTO,,Keri.L.Pendley@em.com,Keri.L.Pendley@em.com,,,,,True,,True,kdukes,True,True,Days Past Due,EOM,,,,,3/20/2025
False,CATW000302,Enterprise #03U5 - Woodstock,CORPACCT,Woodstock,GA,NET30,Active,ATW,,GACHEWOODS,,Keri.L.Pendley@em.com,Keri.L.Pendley@em.com,,,,,True,,True,kdukes,True,True,Days Past Due,EOM,,,,,3/20/2025
False,CATW000298,Enterprise #03R3 - S. Loop Truck Cntrt,CORPACCT,Marietta,GA,NET30,Active,ATW,,GACOBMARIE,,Keri.L.Pendley@em.com,Keri.L.Pendley@em.com,,,,,True,,True,kdukes,True,True,Days Past Due,EOM,,,,,3/20/2025
False,CATW000529,"Enterprise #03R2 - Rental, Truck & Sales",CORPACCT,Roswell,GA,NET30,Active,ATW,,GAFULROSWE,,Keri.L.Pendley@em.com,Keri.L.Pendley@em.com,,,,,True,,True,kdukes,True,True,Days Past Due,EOM,,,,,3/20/2025
False,CATW000316,Enterprise #03N7 - Cumming,CORPACCT,Cumming,GA,NET30,Active,ATW,,GAFORCUMMI,,Keri.L.Pendley@em.com,Keri.L.Pendley@em.com,,,,,True,,True,kdukes,True,True,Days Past Due,EOM,,,,,3/20/2025
False,CATW000366,Enterprise #03N3 - Park N Cumming,CORPACCT,Cumming,GA,NET30,Active,ATW,,GAFORCUMMI,,Keri.L.Pendley@em.com,Keri.L.Pendley@em.com,,,,,True,,True,kdukes,True,True,Days Past Due,EOM,,,,,3/20/2025
False,CATW000299,Enterprise #03N0 - Sandy Springs,CORPACCT,Sandy Springs,GA,NET30,Active,ATW,,GAFULATL01,,Keri.L.Pendley@em.com,Keri.L.Pendley@em.com,,,,,True,,True,kdukes,True,True,Days Past Due,EOM,,,,,3/20/2025
False,CATW000397,Enterprise #03M2 - Hembree,CORPACCT,Alpharetta,GA,NET30,Active,ATW,,GAFULALPHA,,Keri.L.Pendley@em.com,Keri.L.Pendley@em.com,,,,,True,,True,kdukes,True,True,Days Past Due,EOM,,,,,3/20/2025
False,CATW000342,Enterprise #03L2 - Alpharetta,CORPACCT,Alpharetta,GA,NET30,Active,ATW,,GAFULALPHA,,Keri.L.Pendley@em.com,Keri.L.Pendley@em.com,,,,,True,,True,kdukes,True,True,Days Past Due,EOM,,,,,3/20/2025
False,CATW000332,Enterprise #03DS - Service Center,CORPACCT,College Park,GA,NET30,Active,ATW,,GAFULATL02,,Keri.L.Pendley@em.com,Keri.L.Pendley@em.com,,,,,True,,True,kdukes,True,True,Days Past Due,EOM,,,,,3/20/2025
False,CATW000331,Enterprise #03DB - Nat Fresh Shuttles,CORPACCT,College Park,GA,NET30,Active,ATW,,GAFULATL02,,Keri.L.Pendley@em.com,Keri.L.Pendley@em.com,,,,,True,,True,kdukes,True,True,Days Past Due,EOM,,,,,3/20/2025
False,CATW000319,Enterprise #03D3 - Douglasville,CORPACCT,Douglasville,GA,NET30,Active,ATW,,GADOUDOUGL,,Keri.L.Pendley@em.com,Keri.L.Pendley@em.com,,,,,True,,True,kdukes,True,True,Days Past Due,EOM,,,,,3/20/2025
False,CATW000396,Enterprise #03D2 - VIlla Rica,CORPACCT,Villa Rica,GA,NET30,Active,ATW,,GACARVILLA,,Keri.L.Pendley@em.com,Keri.L.Pendley@em.com,,,,,True,,True,kdukes,True,True,Days Past Due,EOM,,,,,3/20/2025
False,CATW000296,Enterprise #03D1 - Mableton,CORPACCT,Mableton,GA,NET30,Active,ATW,,GACOBMABLE,,Keri.L.Pendley@em.com,Keri.L.Pendley@em.com,,,,,True,,True,kdukes,True,True,Days Past Due,EOM,,,,,3/20/2025
False,CATW000363,Enterprise #03BF - Naturally Fresh,CORPACCT,College Park,GA,NET30,Active,ATW,,GAFULATL02,,Keri.L.Pendley@em.com,Keri.L.Pendley@em.com,,,,,True,,True,kdukes,True,True,Days Past Due,EOM,,,,,3/20/2025
False,CATW000333,Enterprise #03AP - Region AA Office,CORPACCT,College Park,GA,NET30,Active,ATW,,GAFULATL02,,Keri.L.Pendley@em.com,Keri.L.Pendley@em.com,,,,,True,,True,kdukes,True,True,Days Past Due,EOM,,,,,3/20/2025
False,CATW000394,Enterprise #03AN - Lithia Springs-2,CORPACCT,Lithia Springs,GA,NET30,Active,ATW,,GACOBMARIE,,Keri.L.Pendley@em.com,Keri.L.Pendley@em.com,,,,,True,,True,kdukes,True,True,Days Past Due,EOM,,,,,3/20/2025
False,CATW000395,Enterprise #0383 - Calhoun,CORPACCT,Calhoun,GA,NET30,Active,ATW,,GAGORCALHO,,Keri.L.Pendley@em.com,Keri.L.Pendley@em.com,,,,,True,,True,kdukes,True,True,Days Past Due,EOM,,,,,3/20/2025
False,CATW000295,Enterprise #0372 - Hiram,CORPACCT,Hiram,GA,NET30,Active,ATW,,GAPAUHIRAM,,Keri.L.Pendley@em.com,Keri.L.Pendley@em.com,,,,,True,,True,kdukes,True,True,Days Past Due,EOM,,,,,3/20/2025
False,CATW000291,Enterprise #0370 - Barrett,CORPACCT,Kennesaw,GA,NET30,Active,ATW,,GACOBKENNE,,Keri.L.Pendley@em.com,Keri.L.Pendley@em.com,,,,,True,,True,kdukes,True,True,Days Past Due,EOM,,,,,3/20/2025
False,CATW000329,Enterprise #036T - Roswell Truck,CORPACCT,Roswell,GA,NET30,Active,ATW,,GAFULROSWE,,Keri.L.Pendley@em.com,Keri.L.Pendley@em.com,,,,,True,,True,kdukes,True,True,Days Past Due,EOM,,,,,3/20/2025
False,CATW000346,Enterprise #0368 - Cumberland,CORPACCT,Smyrna,GA,NET30,Active,ATW,,GACOBSMYRN,,Keri.L.Pendley@em.com,Keri.L.Pendley@em.com,,,,,True,,True,kdukes,True,True,Days Past Due,EOM,,,,,3/20/2025
False,CATW000320,Enterprise #0367 - Smyrna,CORPACCT,Smyrna,GA,NET30,Active,ATW,,GACOBSMYRN,,Keri.L.Pendley@em.com,Keri.L.Pendley@em.com,,,,,True,,True,kdukes,True,True,Days Past Due,EOM,,,,,3/20/2025
False,CATW000348,Enterprise #0361 - Fairburn Rd,CORPACCT,Douglasville,GA,NET30,Active,ATW,,GADOUDOUGL,,Keri.L.Pendley@em.com,Keri.L.Pendley@em.com,,,,,True,,True,kdukes,True,True,Days Past Due,EOM,,,,,3/20/2025
False,CATW000300,Enterprise #035T - Truck Ctr KSU,CORPACCT,Kennesaw,GA,NET30,Active,ATW,,GACOBKENNE,,Keri.L.Pendley@em.com,Keri.L.Pendley@em.com,,,,,True,,True,kdukes,True,True,Days Past Due,EOM,,,,,3/20/2025
False,CATW000479,Enterprise #035B - Carroll Dr,CORPACCT,Atlanta,GA,NET30,Active,ATW,,GAFULATLAN,,Keri.L.Pendley@em.com,Keri.L.Pendley@em.com,,,,,True,,True,kdukes,True,True,Days Past Due,EOM,,,,,3/20/2025
False,CATW000350,Enterprise #0357 - Howell Mill,CORPACCT,Atlanta,GA,NET30,Active,ATW,,GAFULATLAN,,Keri.L.Pendley@em.com,Keri.L.Pendley@em.com,,,,,True,,True,kdukes,True,True,Days Past Due,EOM,,,,,3/20/2025
False,CATW000289,Enterprise #0356 - Roswell,CORPACCT,Roswell,GA,NET30,Active,ATW,,GAFULROSWE,,Keri.L.Pendley@em.com,Keri.L.Pendley@em.com,,,,,True,,True,kdukes,True,True,Days Past Due,EOM,,,,,3/20/2025
False,CATW000297,Enterprise #0349 - Newnan,CORPACCT,Newnan,GA,NET30,Active,ATW,,GACOWNEWNA,,Keri.L.Pendley@em.com,Keri.L.Pendley@em.com,,,,,True,,True,kdukes,True,True,Days Past Due,EOM,,,,,3/20/2025
False,CATW000293,Enterprise #0348 - Cartersville,CORPACCT,Cartersville,GA,NET30,Active,ATW,,GABARCARTE,,Keri.L.Pendley@em.com,Keri.L.Pendley@em.com,,,,,True,,True,kdukes,True,True,Days Past Due,EOM,,,,,3/20/2025
False,CATW000292,Enterprise #0346 - Carrollton,CORPACCT,Carrollton,GA,NET30,Active,ATW,,GACARCARRO,,Keri.L.Pendley@em.com,Keri.L.Pendley@em.com,,,,,True,,True,kdukes,True,True,Days Past Due,EOM,,,,,3/20/2025
False,CATW000442,Enterprise #0343 - Whitlock Rd,CORPACCT,Marietta,GA,NET30,Active,ATW,,GACOBMARIE,,Keri.L.Pendley@em.com,Keri.L.Pendley@em.com,,,,,True,,True,kdukes,True,True,Days Past Due,EOM,,,,,3/20/2025
False,CATW000327,Enterprise #032T - Atlanta Truck Center,CORPACCT,Atlanta,GA,NET30,Active,ATW,,GAFULATLAN,,Keri.L.Pendley@em.com,Keri.L.Pendley@em.com,,,,,True,,True,kdukes,True,True,Days Past Due,EOM,,,,,3/20/2025
False,CATW000559,Enterprise #032K - Fairburn,CORPACCT,Fairburn,GA,NET30,Active,ATW,,GAFULFAIRB,,Keri.L.Pendley@em.com,Keri.L.Pendley@em.com,,,,,True,,True,kdukes,True,True,Days Past Due,EOM,,,,,3/20/2025
False,CATW000317,Enterprise #0321 - Acworth,CORPACCT,Acworth,GA,NET30,Active,ATW,,GACOBACWOR,,Keri.L.Pendley@em.com,Keri.L.Pendley@em.com,,,,,True,,True,kdukes,True,True,Days Past Due,EOM,,,,,3/20/2025
False,CATW000341,Enterprise #0318 - Rome,CORPACCT,Rome,GA,NET30,Active,ATW,,GAFLOROME,,Keri.L.Pendley@em.com,Keri.L.Pendley@em.com,,,,,True,,True,kdukes,True,True,Days Past Due,EOM,,,,,3/20/2025
False,CATW000287,Enterprise #0314 - Lithia Springs,CORPACCT,Lithia Springs,GA,NET30,Active,ATW,,GADOULITHI,,Keri.L.Pendley@em.com,Keri.L.Pendley@em.com,,,,,True,,True,kdukes,True,True,Days Past Due,EOM,,,,,3/20/2025
False,CATW000345,Enterprise #0312 - Big Chicken,CORPACCT,Marietta,GA,NET30,Active,ATW,,GACOBMARIE,,Keri.L.Pendley@em.com,Keri.L.Pendley@em.com,,,,,True,,True,kdukes,True,True,Days Past Due,EOM,,,,,3/20/2025
False,CATW000349,Enterprise #0304 - Hapeville,CORPACCT,Hapeville,GA,NET30,Active,ATW,,GAFULATLAN,,Keri.L.Pendley@em.com,Keri.L.Pendley@em.com,,,,,True,,True,kdukes,True,True,Days Past Due,EOM,,,,,3/20/2025
False,CATW000294,Enterprise #0303 - Dobbins,CORPACCT,Marietta,GA,NET30,Active,ATW,,GACOBMARIE,,Keri.L.Pendley@em.com,Keri.L.Pendley@em.com,,,,,True,,True,kdukes,True,True,Days Past Due,EOM,,,,,3/20/2025
False,CATW000347,Enterprise #0302 - Downtown ATL,CORPACCT,Atlanta,GA,NET30,Active,ATW,,GAFULATLAN,,Keri.L.Pendley@em.com,Keri.L.Pendley@em.com,,,,,True,,True,kdukes,True,True,Days Past Due,EOM,,,,,3/20/2025
False,CATW000288,Enterprise #0301 - Piedmont Rd.,CORPACCT,Atlanta,GA,NET45,Active,ATW,,GAFULATLAN,,Keri.L.Pendley@em.com,Keri.L.Pendley@em.com,,,,,True,,True,kdukes,True,True,Days Past Due,EOM,,,,,3/20/2025
False,CATW000190,El Azteca Mexican Restaurant,STANDARD,Atlanta,GA,COD,Active,ATW,,GAFULATLAN,,macias.victor.j@gmail.com,macias.victor.j@gmail.com,,,,,True,,True,kdukes,True,True,Days Past Due,EOM,,,,,3/20/2025
False,CATW000646,Ecomspaces,STANDARD,Atlanta,GA,NET30,Active,ATW,,GAFULATLAN,,finance@ecomspaces.com,finance@ecomspaces.com,,,,,True,,True,kdukes,True,True,Days Past Due,EOM,,,,,3/20/2025
False,CATW000142,Eclipse Azul Holly Springs,STANDARD,Woodstock,GA,NET30,Active,ATW,,GACHEWOODS,,renegomez5@hotmail.com,renegomez5@hotmail.com,,,,,True,,True,kdukes,True,True,Days Past Due,EOM,,,,,3/20/2025
False,CATW000038,Eclipse Azul - La Bamba,STANDARD,Canton,GA,NET30,Active,ATW,,GACHECANTO,,renegomez5@hotmail.com,renegomez5@hotmail.com,,,,,True,,True,kdukes,True,True,Days Past Due,EOM,,,,,3/20/2025
False,CATW000450,EATaliano Kitchen,STANDARD,Atlanta,GA,NET30,Active,ATW,,GACOBATLAN,,m2hospitality20@gmail.com,m2hospitality20@gmail.com,,,,,True,,True,kdukes,True,True,Days Past Due,EOM,,,,,3/20/2025
False,CATW000627,Desta Ethiopian Kitchen,STANDARD,Atlanta,GA,NET30,Active,ATW,,GAFULATLAN,,titiatl@gmail.com,titiatl@gmail.com,,,,,True,,True,kdukes,True,True,Days Past Due,EOM,,,,,3/20/2025
False,CATW000036,Dave & Busters - Marietta,STANDARD,Marietta,GA,NET30,Active,ATW,,GACOBMARIE,,invoices@daveandbusters.com,invoices@daveandbusters.com,,,,,True,,True,kdukes,True,True,Days Past Due,EOM,,,,,3/20/2025
False,CATW000216,Cumberland Academy of Georgia,STANDARD,Atlanta,GA,NET30,Active,ATW,,GAFULATL01,,jeff.twomley@cumberlandacademy.org,jeff.twomley@cumberlandacademy.org,,,,,True,,True,kdukes,True,True,Days Past Due,EOM,,,,,3/20/2025
False,CATW000552,Costco #631 - Cumberland Mall,STANDARD,Atlanta,GA,NET30,Active,ATW,,GACOBATLAN,,w631adm@costco.com,w631adm@costco.com,,,,,True,,True,kdukes,True,True,Days Past Due,EOM,,,,,3/20/2025
False,CATW000564,Costco #189 - Kennesaw,STANDARD,Kennesaw,GA,NET30,Active,ATW,,GACOBKENNE,,w189adm@costco.com,w189adm@costco.com,,,,,True,,True,kdukes,True,True,Days Past Due,EOM,,,,,3/20/2025
False,CATW000474,Corner Cafe - Atlanta (BLG),STANDARD,Atlanta,GA,NET30,Active,ATW,,GAFULATLAN,,hfiltcheva@buckheadrestaurants.com,hfiltcheva@buckheadrestaurants.com,,,,,True,,True,kdukes,True,True,Days Past Due,EOM,,,,,3/20/2025
False,CATW000430,CNB Cafe,STANDARD,Kennesaw,GA,NET30,Active,ATW,,GACOBKENNE,,cnbcafellc@gmail.com,cnbcafellc@gmail.com,,,,,True,,True,kdukes,True,True,Days Past Due,EOM,,,,,3/20/2025
False,CATW000453,Young Chefs Academy Sandy Springs,STANDARD,Sandy Springs,GA,NET30,Active,ATW,,GAFULATL01,,sandyspringsga@youngchefsacademy.com,sandyspringsga@youngchefsacademy.com,,,,,True,,True,kdukes,True,True,Days Past Due,EOM,,,,,3/20/2025
False,CATW000504,Young Chefs Academy Marietta,STANDARD,Marietta,GA,NET30,Active,ATW,,GACOBMARIE,,mariettaga@youngchefsacademy.com,mariettaga@youngchefsacademy.com,,,,,True,,True,kdukes,True,True,Days Past Due,EOM,,,,,3/20/2025
False,CATW000242,Yogli Mogli - Sandy Springs,STANDARD,Sandy Springs,GA,NET30,Active,ATW,,GAFULATL01,,veronicaaraba@hotmail.com,veronicaaraba@hotmail.com,,,,,True,,True,kdukes,True,True,Days Past Due,EOM,,,,,3/20/2025
False,CATW000353,Yard House - The Battery,CORPACCT,Atlanta,GA,NET60,Active,ATW,,GACOBATLAN,,YHUSA8375@darden.com,YHUSA8375@darden.com,,,,,True,,True,kdukes,True,True,Days Past Due,EOM,,,,,3/20/2025
False,CATW000384,Yard House - Atlantic Station,CORPACCT,Atlanta,GA,NET60,Active,ATW,,GAFULATLAN,,yhusa8337@darden.com,yhusa8337@darden.com,,,,,True,,True,kdukes,True,True,Days Past Due,EOM,,,,,3/20/2025
False,CATW000158,Workout Anytime #6690 - Milton,STANDARD,Alpharetta,GA,NET30,Active,ATW,,GAFULALPHA,,russ.yoe@workoutanytime.com,russ.yoe@workoutanytime.com,,,,,True,,True,kdukes,True,True,Days Past Due,EOM,,,,,3/20/2025
False,CATW000451,Wing Factory - Cumberland,STANDARD,Atlanta,GA,NET30,Active,ATW,,GACOBATLAN,,info@wingfactory.com,info@wingfactory.com,,,,,True,,True,kdukes,True,True,Days Past Due,EOM,,,,,3/20/2025
False,CATW000462,Wing Factory - Buckhead,STANDARD,Atlanta,GA,NET30,Active,ATW,,GAFULATLAN,,mike@wingfactory.com,mike@wingfactory.com,,,,,True,,True,kdukes,True,True,Days Past Due,EOM,,,,,3/20/2025
False,CATW000596,Williamson Bros. BBQ,STANDARD,Marietta,GA,NET30,Active,ATW,,GACOBMARIE,,management@williamsonbros.com,management@williamsonbros.com,,,,,True,,True,kdukes,True,True,Days Past Due,EOM,,,,,3/20/2025
False,CATW000444,Wicked Wings - Canton,STANDARD,Canton,GA,NET30,Active,ATW,,GACHECANTO,,wickedwingsinfo@gmail.com,wickedwingsinfo@gmail.com,,,,,True,,True,kdukes,True,True,Days Past Due,EOM,,,,,3/20/2025
False,CATW000156,Whitaker Oil Company,STANDARD,Atlanta,GA,NET30,Active,ATW,,GAFULATLAN,,accountspayable@whitaker.com,accountspayable@whitaker.com,,,,,True,,True,kdukes,True,True,Days Past Due,EOM,,,,,3/20/2025
False,CATW000257,West Georgia Paint & Body,STANDARD,LaGrange,GA,COD,Active,ATW,,GATROLAG01,,katie@wgapb.com,katie@wgapb.com,,,,,True,,True,kdukes,True,True,Days Past Due,EOM,,,,,3/20/2025
False,CATW000092,WayPoint Christian Academy (Formally Nort,STANDARD,Cumming,GA,NET30,Active,ATW,,GAFORCUMMI,,liliampenalver@northlanier.org,liliampenalver@northlanier.org,,,,,True,,True,kdukes,True,True,Days Past Due,EOM,,,,,3/20/2025
False,CATW000486,Waterford Place,STANDARD,Smyrna,GA,NET30,Active,ATW,,GACOBSMYRN,,ACSInvoices@PayablesLockbox.com,ACSInvoices@PayablesLockbox.com,,,,,True,,True,kdukes,True,True,Days Past Due,EOM,,,,,3/20/2025
False,CATW000434,Wahlburgers @ The Battery,STANDARD,Atlanta,GA,NET30,Active,ATW,,GACOBATLAN,,wahlbattery01@gmail.com,wahlbattery01@gmail.com,,,,,True,,True,kdukes,True,True,Days Past Due,EOM,,,,,3/20/2025
False,CATW000191,Vineyard Wine Market Smyrna,STANDARD,Smyrna,GA,NET30,Active,ATW,,GACOBSMYRN,,info@thevineyardwinemarket.com,info@thevineyardwinemarket.com,,,,,True,,True,kdukes,True,True,Days Past Due,EOM,,,,,3/20/2025
False,CATW000154,Village Tavern,STANDARD,Alpharetta,GA,NET30,Active,ATW,,GAFULALPHA,,tadams@villagetavern.com,tadams@villagetavern.com,,,,,True,,True,kdukes,True,True,Days Past Due,EOM,,,,,3/20/2025
False,CATW000424,Village Bourbon & Cigar,STANDARD,Smyrna,GA,NET30,Active,ATW,,GACOBSMYRN,,info@thevineyardwinemarket.com,info@thevineyardwinemarket.com,,,,,True,,True,kdukes,True,True,Days Past Due,EOM,,,,,3/20/2025
False,CATW000153,Varner's Restaurant & Tavern,STANDARD,Smyrna,GA,COD,Active,ATW,,GACOBSMYRN,,varnerstavern@gmail.com,varnerstavern@gmail.com,,,,,True,,True,kdukes,True,True,Days Past Due,EOM,,,,,3/20/2025
False,CATW000393,Variant Brewing,STANDARD,Roswell,GA,NET30,Active,ATW,,GAFULROSWE,,lauren@drinkvariant.com,lauren@drinkvariant.com,,,,,True,,True,kdukes,True,True,Days Past Due,EOM,,,,,3/20/2025
False,CATW000722,Vampire Penguin,STANDARD,Cumming,GA,NET30,Active,ATW,,GAFORCUMMI,,jarrod@willisgroupre.com,jarrod@willisgroupre.com,,,,,True,,True,kdukes,True,True,Days Past Due,EOM,,,,,3/20/2025
False,CATW000742,Valero - Powder Springs,STANDARD,Powder Springs,GA,COD,Active,ATW,,GACOBPOWDE,,susmita13_2007@yahoo.com,susmita13_2007@yahoo.com,,,,,True,,True,kdukes,True,True,Days Past Due,EOM,,,,,3/20/2025
False,CATW000636,Tuxedo Mosquito Control,STANDARD,Atlanta,GA,NET30,Active,ATW,,GACOBATLAN,,rpittman@tuxedomosquito.com,rpittman@tuxedomosquito.com,,,,,True,,True,kdukes,True,True,Days Past Due,EOM,,,,,3/20/2025
False,CATW000594,Truck & Tap - Woodstock,STANDARD,Woodstock,GA,NET30,Active,ATW,,GACHEWOODS,,payables@truckandtap.com,payables@truckandtap.com,,,,,True,,True,kdukes,True,True,Days Past Due,EOM,,,,,3/20/2025
False,CATW000593,Truck & Tap - Alpharetta,STANDARD,Alpharetta,GA,NET30,Active,ATW,,GAFULALPHA,,payables@truckandtap.com,payables@truckandtap.com,,,,,True,,True,kdukes,True,True,Days Past Due,EOM,,,,,3/20/2025
False,CATW000736,Torchy Taco's #142 - Howell Mill,CORPACCT,Atlanta,GA,NET30,Active,ATW,,GAFULATLAN,,nathan.vandenavond@torchystacos.com,nathan.vandenavond@torchystacos.com,,,,,True,,True,kdukes,True,True,Days Past Due,EOM,,,,,3/20/2025
False,CATW000558,Tires Plus - Smyrna,STANDARD,Smyrna,GA,NET30,Active,ATW,,GACOBSMYRN,,carlos.rf0316@gmail.com,carlos.rf0316@gmail.com,,,,,True,,True,kdukes,True,True,Days Past Due,EOM,,,,,3/20/2025
False,CATW000556,Tires Plus - Sandy Plains Rd,STANDARD,Marietta,GA,NET30,Active,ATW,,GACOBMARIE,,williamcliett@gmail.com,williamcliett@gmail.com,,,,,True,,True,kdukes,True,True,Days Past Due,EOM,,,,,3/20/2025
False,CATW000528,Tires Plus - Roswell,STANDARD,Roswell,GA,NET30,Active,ATW,,GAFULROSWE,,edwingaray367@yahoo.com,edwingaray367@yahoo.com,,,,,True,,True,kdukes,True,True,Days Past Due,EOM,,,,,3/20/2025
False,CATW000539,Tires Plus - Powder Springs,STANDARD,Powder Springs,GA,NET30,Active,ATW,,GACOBPOWDE,,bsroapinvoices@bfusa.com,bsroapinvoices@bfusa.com,,,,,True,,True,kdukes,True,True,Days Past Due,EOM,,,,,3/20/2025
False,CATW000537,Tires Plus - Newnan,STANDARD,Newnan,GA,NET30,Active,ATW,,GACOWNEWNA,,alexkennedy47.ak@gmail.com,alexkennedy47.ak@gmail.com,,,,,True,,True,kdukes,True,True,Days Past Due,EOM,,,,,3/20/2025
False,CATW000499,Tires Plus - Lithia Springs,STANDARD,Lithia Springs,GA,NET30,Active,ATW,,GADOULITHI,,aumritd@icloud.com,aumritd@icloud.com,,,,,True,,True,kdukes,True,True,Days Past Due,EOM,,,,,3/20/2025
False,CATW000557,Tires Plus - Johnson Ferry Rd,STANDARD,Marietta,GA,NET30,Active,ATW,,GACOBMARIE,,bsroapinvoices@bfusa.com,bsroapinvoices@bfusa.com,,,,,True,,True,kdukes,True,True,Days Past Due,EOM,,,,,3/20/2025
False,CATW000536,Tires Plus - Buckhead,STANDARD,Atlanta,GA,NET30,Active,ATW,,GAFULATLAN,,bsroapinvoices@bfusa.com,bsroapinvoices@bfusa.com,,,,,True,,True,kdukes,True,True,Days Past Due,EOM,,,,,3/20/2025
False,CATW000538,Tires Plus - Atlanta - Cascade Rd,STANDARD,Atlanta,GA,NET30,Active,ATW,,GAFULATLAN,,bsroapinvoices@bfusa.com,bsroapinvoices@bfusa.com,,,,,True,,True,kdukes,True,True,Days Past Due,EOM,,,,,3/20/2025
False,CATW000441,Tiny Bubbles - Woodstock,STANDARD,Woodstock,GA,NET30,Active,ATW,,GACHEWOODS,,info@tinybubblesteabar.com,info@tinybubblesteabar.com,,,,,True,,True,kdukes,True,True,Days Past Due,EOM,,,,,3/20/2025
False,CATW000639,Tiny Bubbles - W Park Square,STANDARD,Marietta,GA,NET30,Active,ATW,,GACOBMARIE,,info@tinybubblesteabar.com,info@tinybubblesteabar.com,,,,,True,,True,kdukes,True,True,Days Past Due,EOM,,,,,3/20/2025
False,CATW000439,Tiny Bubbles - Marietta Square,STANDARD,Marietta,GA,NET30,Active,ATW,,GACOBMARIE,,info@tinybubblesteabar.com,info@tinybubblesteabar.com,,,,,True,,True,kdukes,True,True,Days Past Due,EOM,,,,,3/20/2025
False,CATW000266,The Shoppe @ Buckhead - Shell/Dunkin Donu,STANDARD,Atlanta,GA,NET30,Active,ATW,,GAFULATLAN,,buckheadshoppe@gmail.com,buckheadshoppe@gmail.com,,,,,True,,True,kdukes,True,True,Days Past Due,EOM,,,,,3/20/2025
False,CATW000404,Texas Roadhouse #684 - Rome,CORPACCT,Rome,GA,NET30,Active,ATW,,GAFLOROME,,txrh@pdf.basware.com,txrh@pdf.basware.com,,,,,True,,True,kdukes,True,True,Days Past Due,EOM,,,,,3/20/2025
False,CATW000143,Texas Roadhouse #485 - Cumming,CORPACCT,Cumming,GA,NET30,Active,ATW,,GAFORCUMMI,,txrh@pdf.basware.com,txrh@pdf.basware.com,,,,,True,,True,kdukes,True,True,Days Past Due,EOM,,,,,3/20/2025
